-2.0628271429192,0.108549121013629,-0.642754783009523,-2.37595799926707,1.80475583518058,0.484429263510703
-2.12622057940496,0.100169160744459,-0.715804729725671,-2.95257872338436,1.98410372186527,0.773962551564527
-2.19359064249213,0.088683989528794,-0.789118022215143,-3.48060531454355,2.15581500198473,1.05958617513335
-2.2664154690475,0.071775548847561,-0.861226159396256,-3.95688956182788,2.32658493385698,1.33176839277006
-2.34650457935298,0.0476763082372169,-0.93033340512218,-4.38273879683851,2.50110026541872,1.5834209121049
-2.43436894162001,0.0151639286899106,-0.995294741997756,-4.76220239966526,2.68257249033526,1.80745977133945
-2.53150017831087,-0.0264118886218982,-1.05431355089496,-5.10060075825513,2.87244176110247,1.99925157332206
-2.63841506491717,-0.0771648259581411,-1.10624527754141,-5.40403060297396,3.07140115562681,2.15173014396242
-2.75530616906167,-0.136684933130995,-1.15059788535485,-5.67789297883316,3.27939555721116,2.26517100308197
-2.88138993622252,-0.204130120664933,-1.18655478212552,-5.92664332350428,3.49488825102314,2.33497679312203
-3.01620954699249,-0.278327697894256,-1.21427781296322,-6.15280971784414,3.71534990614988,2.36389294243942
-3.15800629648294,-0.357895650648998,-1.23327838989232,-6.35894395968986,3.93799251739616,2.35223431274252
-3.30534873565277,-0.44134448792418,-1.24372031272363,-6.54542031637374,4.15854939103881,2.30276971163018
-3.45615602933557,-0.527201924304986,-1.24511666897339,-6.71287707246293,4.37323164211095,2.21827690871858
-3.60835017159461,-0.614065861569611,-1.23795842504263,-6.86050553175125,4.57726463331746,2.1015405083926
-3.76018246630903,-0.700663800936434,-1.22175979346558,-6.98800417212101,4.76586780883725,1.96023525789085
-3.90958266434267,-0.785866539397998,-1.19636123230201,-7.09411283816652,4.93523456849988,1.79959261566593
-4.05448537559253,-0.868718027313163,-1.1612781455336,-7.17832318084265,5.08082456784958,1.62239724107187
-4.19283078645774,-0.94839669397305,-1.11667829349245,-7.23941321108798,5.19932061536696,1.43631336385145
-4.32354241795848,-1.02421900972895,-1.06207896625024,-7.27569235775929,5.28716507973906,1.2441090850427
-4.44457298768635,-1.09559409629056,-0.997650172892607,-7.28646832373767,5.34227203861323,1.05098285338537
-4.55485924257265,-1.16199130482387,-0.922911916418946,-7.27033789061909,5.36183027156622,0.857232363324276
-4.65269355509606,-1.22297289987515,-0.838363168206835,-7.22665382340532,5.34474799213079,0.665582966438722
-4.7373528875395,-1.27809641722073,-0.744178989163138,-7.15430446299056,5.2896997444975,0.476301067274572
-4.80779589806292,-1.32697988850152,-0.640536368423948,-7.05342498415079,5.19634911530892,0.287194636618199
-4.86266308601935,-1.36920420186364,-0.528917156325185,-6.92417670864358,5.06437256308013,0.0960582410719226
-4.90157998311069,-1.40441092729604,-0.409501837394936,-6.76796918558145,4.89492610104253,-0.104209767013768
-4.92385418645054,-1.43230241772784,-0.283449600488434,-6.58623885391655,4.6889356722965,-0.310945316965185
-4.92945248941702,-1.45257675562382,-0.15257222242316,-6.38215898978751,4.4485633546059,-0.533703543970355
-4.91769780338139,-1.46505814316393,-0.0177047412398977,-6.15917304927745,4.17647448532639,-0.769824397400835
-4.8892234845388,-1.46959924818898,0.119340576883897,-5.92172629263154,3.87608166688626,-1.02397481683705
-4.84401852964226,-1.46611383364884,0.257077842585695,-5.67453117440807,3.55203265894452,-1.29593107775669
-4.78305585669926,-1.45447910068601,0.394022478406923,-5.42354244326303,3.20874339972898,-1.58546315018142
-4.70698875263006,-1.43469864072233,0.528366157708417,-5.17424444835863,2.852106770851,-1.8923337106907
-4.61712741476552,-1.40660936943306,0.658954740787353,-4.93286997356062,2.48778067272541,-2.21141180445236
-4.51446095027137,-1.37004458355081,0.78398595000138,-4.70517585235489,2.12240751344374,-2.53756070391143
-4.40063377450812,-1.32483421816866,0.902638725508919,-4.49668446688756,1.7623903634426,-2.86564045023277
-4.27696745042368,-1.2707400103057,1.01377071652253,-4.3121925515848,1.41413487712997,-3.1929529199598
-4.14511122739678,-1.20752103130843,1.11657016684546,-4.15625747730722,1.08429117864424,-3.50702926934338
-4.0060639423457,-1.13499926613977,1.21088191500826,-4.03246224650244,0.778529908714406,-3.8027364542067
-3.86115054181001,-1.05312518994767,1.29623021038348,-3.94365809929964,0.502761533164668,-4.07006668957256
-3.712346988793,-0.962010723967528,1.37247025482644,-3.89220746745462,0.261668424581815,-4.30635697581396
-3.56065056168411,-0.861929546243144,1.44076522600862,-3.87900575798681,0.05919180019393,-4.50163427992588
-3.40705636737282,-0.753382461865941,1.50130551158753,-3.90421385941633,-0.100736732154118,-4.65327805024289
-3.25255679165276,-0.637130075634687,1.55526262739226,-3.96701391157762,-0.215662240319714,-4.75380848122013
-3.09781524120466,-0.514127602644048,1.60283423488841,-4.06585409611966,-0.284362830337894,-4.8031050348846
-2.94381715450619,-0.38539443319388,1.64552382940948,-4.19820521596251,-0.30562829997115,-4.80107859626485
-2.79056663049082,-0.252079095679188,1.6845112521394,-4.36129483287308,-0.279725979253918,-4.75255699632914
-2.63806356228937,-0.115426446763791,1.7200005295282,-4.55162004869848,-0.208400162556047,-4.6623965463252
-2.48565232681654,0.0233854598118513,1.75317395624836,-4.76617046568292,-0.0931608703398812,-4.5354790948094
-2.33299935964761,0.163147885753467,1.7852142796541,-5.00145220234933,0.0630072294199167,-4.38159456914207
-2.17944203179485,0.302654204077965,1.81665256585677,-5.25397767500978,0.256135112743101,-4.21054941360806
-2.023337759035,0.440862959186181,1.84834498334861,-5.52051095227714,0.482492969687236,-4.03216039715017
-1.86401931794744,0.576669978507094,1.88114658927408,-5.79757998716352,0.737370713510224,-3.85136330543121
-1.70049256349433,0.709103925873648,1.91493373387689,-6.08196596123118,1.01556886176948,-3.6828663993313
-1.53143712901592,0.837293784801306,1.95088402644288,-6.37021528601486,1.31188960618455,-3.53159954440968
-1.35556564545129,0.960501415359543,1.98854433830118,-6.65937301553151,1.62089493223784,-3.40248229986073
-1.17230863536389,1.07808889069696,2.02843664436872,-6.94600597645406,1.93690906098681,-3.30286402362916
-0.980642484804393,1.18968118710604,2.07042919772779,-7.22693606180595,2.25426524933501,-3.2327487838767
-0.779904471737914,1.29503557863223,2.11406226998398,-7.49948477477143,2.56730826931665,-3.19212412004656
-0.569532810385518,1.39404122621843,2.15887411337637,-7.76049606203579,2.87088538459732,-3.18584693274644
-0.349230058233712,1.48675125694838,2.20407552435045,-8.00706935949125,3.16034842697535,-3.20409914782485
-0.118930968734147,1.57318676159651,2.24887599494952,-8.23680393452187,3.43179978680451,-3.25170692945437
0.121164634998818,1.6533362498135,2.29183279346798,-8.44657730190845,3.68184936911078,-3.31638280286954
0.370493988613509,1.72705744854661,2.33182894695432,-8.63376687196558,3.90834829691028,-3.40048894869427
0.628196570857843,1.79397922478597,2.3680739064587,-8.79551717974646,4.10916766808959,-3.49416606914118
0.893081748718854,1.85350141494392,2.3988012227277,-8.92874016152545,4.28366430399791,-3.59488135259262
1.16362918559725,1.9048274263133,2.42322381163161,-9.03133701454186,4.43194711430708,-3.70010180198297
1.43818485906057,1.94696445184222,2.44023164206058,-9.10024398974521,4.55389874882007,-3.80241007709817
1.71479888314917,1.97888671172617,2.44936946651446,-9.13338724902575,4.65039591857348,-3.90416502127407
1.99155204514386,1.99950334938702,2.44985997138158,-9.1284616846316,4.72233071318241,-3.9979578713774
2.26649146978856,2.00785440006253,2.44190698097756,-9.08415268138616,4.7701205518118,-4.08615794228128
2.53772913189021,2.00324157061328,2.42506678649777,-8.99891464705696,4.79517271078538,-4.16381142791274
2.80347517454123,1.98516346095711,2.39968142734314,-8.87219250605962,4.79768425415081,-4.23574253903045
3.06223399458309,1.95351123765255,2.36583620824503,-8.70344423734586,4.77810693030381,-4.29700777267763
3.31260929224362,1.90847094992069,2.32391329265542,-8.49287340929583,4.73665786388815,-4.34999708431788
3.55333704356611,1.85052338451112,2.27420061915279,-8.24094000110558,4.6735632928248,-4.39221796195189
3.78338353712266,1.78041118646653,2.21698944603146,-7.94787120287216,4.58856958854201,-4.42118166397646
4.00175015489833,1.69907326905312,2.15254165064593,-7.61512666596917,4.48143177128821,-4.43928948647044
4.20747358050812,1.60764426457161,2.0811873519707,-7.24368755692888,4.35191356659971,-4.4391743236772
4.39962603173443,1.50716076150745,2.00312939163446,-6.83527728790309,4.20003178508382,-4.42080395707498
4.57718525037405,1.39875618934683,1.91860618945401,-6.39138346928661,4.02507926933402,-4.37926729770377
4.73903490369295,1.28339971415995,1.82792432093688,-5.91399002451905,3.82684683884295,-4.31210546698109
4.88412797164819,1.16202611651013,1.73139335751352,-5.40508774574551,3.60464657159305,-4.2144280218444
5.01125933935961,1.03534004441788,1.62948870082856,-4.867162014512,3.35780111633131,-4.08624430288695
5.11926198626419,0.903881018180008,1.52272119002622,-4.30270320122092,3.0858888281092,-3.92269281436714
5.20713810265804,0.768023451084401,1.41179980891914,-3.71396142393431,2.78801175787904,-3.72625814593307
5.27399476520487,0.627976820382778,1.2974685664377,-3.10392289060357,2.46352969569209,-3.49211359156853
5.31924018400435,0.483753420271481,1.18070160584068,-2.47508738315937,2.11181708607909,-3.22766631324541
5.34271469068223,0.335299132540108,1.06253988397943,-1.83044453502914,1.73299710402133,-2.93545388053038
5.34472379966303,0.182494000595766,0.944090633889049,-1.17225141860829,1.32720970912687,-2.6155857591243
5.32613615857603,0.0253157227237005,0.82639649150371,-0.502764834904835,0.895345396035747,-2.27551475261123
5.28851373966588,-0.13619231073329,0.710532632322293,0.176247677383415,0.439534234296579,-1.92270450531945
5.23398104936989,-0.301757590152826,0.597345607801686,0.863263646932455,-0.0378314972865804,-1.56218233598088
5.16528940254369,-0.470845477816941,0.487583148867199,1.55773831204214,-0.533853441774919,-1.19897931559905
5.08558767319915,-0.642658938382228,0.381665761460882,2.25863812909011,-1.04488356998272,-0.843012983541986
4.99835563781337,-0.816105873373809,0.279881925877119,2.96639430741609,-1.56701385364768,-0.496867912467275
4.90720682831444,-0.98999463306748,0.182257675671076,3.68021420651113,-2.09632179198267,-0.16312292264731
4.81569129864584,-1.16283876098952,0.088556612474842,4.40027889500681,-2.62813883654676,0.150764394517095
4.72716357172913,-1.3329876312178,-0.0018176184632076,5.12578746717226,-3.15900623048919,0.449560613195291
4.64461814152311,-1.49869206563173,-0.0897231979198072,5.85593322527347,-3.68472168958281,0.72826809102658
4.57078574899317,-1.65817002453677,-0.176344668596279,6.5891699913306,-4.202050584668,0.986783607911371
4.50793667487205,-1.8095094887719,-0.263061828378037,7.3232117359299,-4.70774950595327,1.22989760439935
4.45791227521614,-1.95092971162826,-0.351448755493056,8.05576552489846,-5.19905543641567,1.45751921980046
4.42212417282339,-2.0807492823523,-0.443012136880982,8.78379885803756,-5.67319755473528,1.66956098237851
4.40152109123013,-2.19745185526715,-0.539190184248904,9.50378459932958,-6.12764189551578,1.8708235979619
4.39658848344626,-2.29971923074956,-0.641351580101113,10.211946273567,-6.56058016230234,2.06122128365987
4.40734838062556,-2.38649690761979,-0.750501328468955,10.9042592890339,-6.96946396889873,2.23822410219048
4.4334571613297,-2.45670124652267,-0.867507934721378,11.576940885688,-7.35247090002603,2.40663012141826
4.47427089043148,-2.50944782389115,-0.992939816166375,12.2264513952039,-7.70850453827838,2.56390571451183
4.52887817758919,-2.5437911910432,-1.12709729038901,12.8492510922372,-8.03572846388035,2.71240041581524
4.59610053346431,-2.55885559110537,-1.2700447003494,13.4422898920374,-8.33352061375673,2.85201706689551
4.67462306997531,-2.55380287913121,-1.42147980526839,14.0034967377337,-8.60100714657925,2.98021176097037
4.76302747128504,-2.52799592668949,-1.5809616278735,14.5308027363403,-8.83803923829002,3.09932358468446
4.85966208180581,-2.48086886611339,-1.7476823734391,15.0228742201928,-9.04421533757009,3.20924485114021
4.96280517766287,-2.41215564566497,-1.92066294192522,15.4781355071452,-9.21888078670005,3.30742112889781
5.07053507645892,-2.32195562900201,-2.09862281463983,15.8959903118247,-9.3618605456719,3.39618106659634
5.18079572162178,-2.21066875809587,-2.28011064970054,16.2755998835016,-9.47174904693692,3.47052150361568
5.29136458880693,-2.07909344546847,-2.46337439989563,16.6161270148457,-9.54737654125651,3.53032452885618
5.39985322582184,-1.92849170796151,-2.64662242679943,16.9169801625335,-9.58707703697264,3.57791505055301
5.50374044037,-1.7604586457326,-2.82779607500783,17.1778132223466,-9.58991085389431,3.60828865298804
5.60050326096282,-1.57698718080135,-3.00486350997928,17.3985252173178,-9.55419987514531,3.6237714236355
5.68751990228739,-1.38023947289759,-3.17585296354974,17.5797484163156,-9.4792389298074,3.61936273308248
5.76226591881515,-1.17254627261784,-3.33878821377571,17.7218704031992,-9.3650524770748,3.59983781482046
5.82241259026204,-0.956178246265728,-3.49198231629908,17.8260105171909,-9.21190661632582,3.56508875063127
5.86579490888643,-0.733345394224098,-3.6337774585973,17.8927974461627,-9.02055385852332,3.51501028069289
5.89054232245684,-0.506001164958766,-3.76274076613817,17.9231013682101,-8.79272194122356,3.44950048227738
5.89511159786958,-0.275874793714405,-3.87753428031955,17.918033180565,-8.53038072850453,3.37578933041517
5.87822179122808,-0.0444712849084574,-3.97694774202419,17.8777222860209,-8.23525333677579,3.29133540981189
5.83891936277448,0.186960970313447,-4.05983361817336,17.8020492931926,-7.90979316906868,3.19848435116003
5.77648027981733,0.417332081564897,-4.12504213494426,17.6908904356679,-7.55596215763071,3.0995825584141
5.69050744031879,0.645579839011187,-4.17148664913283,17.5431407329481,-7.17645212838286,2.99697616937205
5.58070225407998,0.870636565680842,-4.19814390421325,17.35793632465,-6.77273030779731,2.8905674270471
5.44699449576952,1.09146110339818,-4.20398917816187,17.1339225796215,-6.34723833793333,2.7851434250537
5.28941153381388,1.30674509271352,-4.18812692671041,16.8692554411693,-5.90143817551474,2.6781600993788
5.10801272059106,1.51504285055029,-4.14966087200236,16.5623360212927,-5.43727850406701,2.57195811243951
4.90288899627306,1.71467338512167,-4.08785730488577,16.2115680493726,-4.95621822871498,2.46643397174005
4.67396716217312,1.90378544959,-4.00208038836628,15.8148711690676,-4.45971599687701,2.36148349891818
4.42110750185222,2.08019477412424,-3.89172749729939,15.3711488360227,-3.94923126614998,2.2570026740134
4.14387588089538,2.24164497828175,-3.75626235699684,14.8783359321812,-3.42695821751126,2.15288846120164
3.84164187295,2.38561263006175,-3.5953459608453,14.3355997527216,-2.89411653781719,2.04903962010314
3.51364459120617,2.50950339188436,-3.4086092158956,13.7421205504459,-2.35315120681566,1.94291490463257
3.15899361320817,2.61062032004084,-3.19591427420693,13.0970935800828,-1.80602318981793,1.8393062348557
2.7767352811824,2.68632774582547,-2.95738784944639,12.4007083972011,-1.25640873084507,1.7332373569687
2.36608204120618,2.73388953757365,-2.69342190546985,11.65317351744,-0.707256360955721,1.62950939152149
1.92654410612322,2.75076352651127,-2.4048371282714,10.8564281761637,-0.162985458520819,1.52315689814531
1.45806105344863,2.73450511185039,-2.09304621152462,10.0121890543163,0.371491751301755,1.42143604033867
0.960970423490566,2.68289893592645,-1.7599562788936,9.1236613480173,0.890527312862647,1.32183610115639
0.436432143977553,2.59405799960033,-1.40822930872676,8.19553907805826,1.38822808119903,1.22429527974407
-0.113766300097389,2.46652272556749,-1.04115127724364,7.2327831473431,1.85845803019614,1.13120150821138
-0.686981618226109,2.29945761142251,-0.66266376670121,6.24233053046377,2.29508514772717,1.04494870059849
-1.2796498017396,2.09265221661328,-0.277297448326553,5.23113816630197,2.69320554343096,0.963050385827456
-1.88718920331178,1.84674987732671,0.109927396244458,4.20764663392451,3.04792418431378,0.890355461997365
-2.50406711480613,1.56337829073842,0.493763537822306,3.18104440506613,3.3558227402185,0.824389412971536
-3.12416009029193,1.24514929496897,0.868706517756945,2.16077581348047,3.61471670810666,0.770012610956932
-3.7405284234269,0.895788381152911,1.22929027524865,1.15604881622577,3.82438889718703,0.727204066188365
-4.34528893092377,0.520068137283193,1.57018739658315,0.177052701476608,3.98536757542462,0.700832471695329
-4.93121459453317,0.123806197134996,1.88640705710966,-0.766756244507667,4.09965842378224,0.690882433761779
-5.49043516913961,-0.286430585371632,2.17385107919694,-1.66641459638905,4.17025431833302,0.702225358089585
-6.01704657358231,-0.703589859165737,2.42882726889035,-2.51345577567507,4.20113313790694,0.739730687754937
-6.50515933121596,-1.12043036745181,2.64883278242629,-3.30137952360641,4.19725505217079,0.800934401241169
-6.95052968100979,-1.52998149210826,2.83301108390212,-4.02418905190017,4.16382647767052,0.888254055583514
-7.3508868816915,-1.92600259345228,2.98182618979648,-4.67785933871749,4.10605255447165,1.00410151840713
-7.7052821531826,-2.30327898548633,3.09738745886239,-5.26107152366427,4.02937829995094,1.14599551989105
-8.01376251254315,-2.65817773657498,3.18312193640617,-5.77325875300142,3.9399739429675,1.31389095087578
-8.27932384970523,-2.98991883526568,3.24442289667893,-6.21949120108303,3.8430214013941,1.50529299730501
-8.50367397445286,-3.296144816797,3.28766858573846,-6.60094569019039,3.7441769590563,1.71525826041587
-8.69048758951057,-3.57862047980574,3.31761190632696,-6.92565249029822,3.64785815692765,1.94372548139351
-8.84344901565851,-3.83968013377488,3.33933101658758,-7.20238307074284,3.55699717857812,2.18818658126091
-8.96624917671258,-4.08212674716459,3.3565972207677,-7.44113263771874,3.47377237437135,2.44612993893119
-9.062582729993,-4.30877258907456,3.37187230681152,-7.6514036229968,3.399118972055,2.71504094313245
-9.1351682693935,-4.52204508624414,3.38532985745583,-7.84195532285838,3.33224065480057,2.99484503705132
-9.1860721191024,-4.72385358880635,3.39680946552595,-8.0200657250059,3.27232073862038,3.28057829062725
-9.2173583917779,-4.91548914734245,3.40516571235101,-8.19152734447504,3.21845013983805,3.56727481978029
-9.23011068748534,-5.09768763039005,3.40924627951488,-8.36039996968461,3.16972628353783,3.85241153622381
-9.22508300718124,-5.27059556929274,3.40756729357396,-8.53023029145721,3.12576714509993,4.13346569070483
-9.20269958565493,-5.43269427222024,3.39831457741994,-8.70282923608495,3.0862721644994,4.40058719207425
-9.16338067970709,-5.58412192775116,3.38162490249846,-8.88169150598263,3.05209742162263,4.65126024541585
-9.10721700616445,-5.72217801720819,3.35665477315056,-9.06881858903902,3.02315441507423,4.87809052833667
-9.03364445106237,-5.84360412880631,3.32190679225117,-9.26618373880807,2.99960702824693,5.07857980560992
-8.94242203487393,-5.94445516960447,3.27751063197631,-9.4747541830756,2.98138281217704,5.25024112980059
-8.8323298700843,-6.02029681698187,3.22229181893735,-9.69571227708187,2.96807519095963,5.38571419277248
-8.70345041072881,-6.06656624036912,3.15637814525431,-9.92898940536025,2.95891913213689,5.48742559766119
-8.55521484246039,-6.07886786111226,3.07989688796978,-10.1742432682145,2.95284030620949,5.54804504799351
-8.38705547652646,-6.05346449284754,2.99297477138625,-10.4296368214075,2.94857770309977,5.5749164479015
-8.19905818848236,-5.9874424138138,2.8954122711591,-10.6930607993134,2.94468420852013,5.56074019817046
-7.9922887047258,-5.87890851706323,2.78766092448106,-10.9614021669921,2.93986924557715,5.51288994788713
-7.76683839596498,-5.72702399578572,2.66984605932336,-11.2310344900056,2.93299928970555,5.4314231396167
-7.52443043410468,-5.5321676650584,2.54274389175086,-11.4975757698147,2.92326921428151,5.32129407960147
-7.26613948818685,-5.29557743570208,2.40550132028613,-11.7571123107014,2.91034893044512,5.18013723784043
-6.99402015522009,-5.01947983623905,2.25889361828899,-12.0052237637561,2.89430980156601,5.01781043043795
-6.71078056457507,-4.70666529323772,2.10271859886449,-12.2377183278891,2.8757461365283,4.83196148925161
-6.41815276743506,-4.3603888329916,1.9370997570006,-12.4506349482457,2.85550543827854,4.63001430570297
-6.11884641127231,-3.98423801610846,1.76183509828871,-12.6407338443206,2.83466269578073,4.41206547755052
-5.81524482978654,-3.58180534797641,1.57704898400262,-12.8042766615446,2.81427463754765,4.18554074320823
-5.50972978597502,-3.15675162822288,1.3835180709337,-12.9389824586354,2.79510954273916,3.94809173848311
-5.20435483000485,-2.7125110987459,1.18104268438499,-13.0420744375933,2.77752379955984,3.70469705678612
-4.90117024166083,-2.25242023600554,0.971052859328298,-13.1115025538919,2.76128989453681,3.45544619957613
-4.60091952168587,-1.77948842903451,0.754002226847777,-13.1461886197628,2.74552252323845,3.20286826631384
-4.30564503553985,-1.29659233997799,0.53132224644666,-13.1452937190659,2.72867845682489,2.94948825565418
-4.01543030042462,-0.806214436339673,0.304444562974835,-13.1077298333332,2.70863017113147,2.69049813436235
-3.73068033897346,-0.310572658503306,0.0748004314169308,-13.0336259007117,2.68276433926123,2.4308597892444
-3.45147057916983,0.18844511866093,-0.156179838850689,-12.9235947120585,2.64808069980785,2.16820367383024
-3.1775473101834,0.689216106641163,-0.387067427798887,-12.7777553162312,2.60131566892471,1.90260194774914
-2.90832833765492,1.19057798187785,-0.616109863601929,-12.5969543205513,2.5390661960248,1.629241419624
-2.64290384503108,1.69156797215764,-0.842534548167984,-12.3817884192758,2.45784051320689,1.35308383756404
-2.38003747007172,2.1915526298523,-1.06459470512998,-12.1330928364306,2.3542311752115,1.07176451224524
-2.11849328846606,2.69003168899483,-1.28152429352427,-11.851208425274,2.2249904469886,0.782922866506833
-1.85736277596882,3.18657211195924,-1.4925610362825,-11.5362263539264,2.06713013874406,0.486647803951169
-1.59574014006106,3.68067696482735,-1.69727219679017,-11.1882331411327,1.87807026376028,0.185478554118853
-1.33207197521521,4.17158922063331,-1.89457740090331,-10.8068230690015,1.65581200132561,-0.122924205739506
-1.06611290051752,4.65816091481868,-2.08405177459206,-10.391343932771,1.39898829461904,-0.438447642720469
-0.797949056326281,5.13891802688709,-2.26527450855121,-9.94138742000169,1.10754927055426,-0.75852577507564
-0.527998416574358,5.61170224335046,-2.43750313654014,-9.45654669696455,0.78141950931548,-1.08791079140758
-0.257010878844182,6.07386693444323,-2.60065083070816,-8.93641845096618,0.422330994171286,-1.42156979097203
0.013606187270631,6.52237583514233,-2.75333208545776,-8.3815821809108,0.0327481919836132,-1.7617857346107
0.281788559097401,6.95370666042189,-2.8957946891539,-7.79311335877169,-0.384376695891886,-2.10838380751049
0.545141955066301,7.36421111022308,-3.02666249996156,-7.17234068209027,-0.824627312158216,-2.46361527997515
0.801269074779198,7.7503122032649,-3.14554181645769,-6.52280169751586,-1.28383451882875,-2.82971150474578
1.0474452781362,8.10870164410255,-3.25204452356308,-5.84853297525691,-1.75661197369519,-3.20399519879882
1.28159726411349,8.43666735960271,-3.34546264586873,-5.15480270023422,-2.23709083906822,-3.58865113684204
1.501327178134,8.73222528183601,-3.42542025223959,-4.4483539454968,-2.7191662045171,-3.98095196679466
1.70423975251295,8.99441353606524,-3.49219946952466,-3.73740266020496,-3.1962550650393,-4.37570082470112
1.88957223457063,9.22332542312031,-3.54608898378694,-3.03065754863652,-3.6612988722188,-4.77011838691811
2.05591492277875,9.42010914816341,-3.58705827150755,-2.33780517490774,-4.10701070228979,-5.15651484461457
2.20284047956374,9.58696685781102,-3.6167119014573,-1.6687241262153,-4.5263668921487,-5.51985093723164
2.33057847320597,9.72689242719868,-3.63568304564656,-1.03313861870719,-4.91261001897529,-5.85484568242125
2.43871245455263,9.84348037854178,-3.64526165311823,-0.44012552767421,-5.26022883301522,-6.14399468717633
2.52846013989852,9.9405357404358,-3.64706804300915,0.102451554949392,-5.56422754032595,-6.37223746203876
2.6007185388698,10.0217880100374,-3.64240056985914,0.588214457009695,-5.82208174698262,-6.52941002214078
2.6567148783634,10.0904390975878,-3.63190923324098,1.01251728158159,-6.03178449761349,-6.59315311982143
2.69768030758872,10.1488452080119,-3.61689820460807,1.37239914275314,-6.1938003241957,-6.55579762638936
2.72484935866918,10.1982775197464,-3.59769669209374,1.66616957457691,-6.30862089372604,-6.40482931147665
2.73880811313181,10.2388204531661,-3.57463600996678,1.89304220936642,-6.37896184284199,-6.12778429615785
2.74014567248494,10.2694141109202,-3.54674685847889,2.05293916099568,-6.40804991233013,-5.72203053227908
2.73010568390851,10.2880864484771,-3.51404010670266,2.14644184910792,-6.39937545923616,-5.18500152087167
2.708631951238,10.2919571473795,-3.47490156176731,2.17623173501305,-6.35937607634431,-4.52152920762279
2.67567194369376,10.2789871518245,-3.43097867546478,2.14501246981901,-6.2893705518571,-3.74872936552823
2.63280603310599,10.2476577889167,-3.38261988962092,2.05956338737106,-6.19117563431359,-2.88377988974041
2.58129298724169,10.1984537144197,-3.33310837783645,1.92770657844344,-6.06441764534565,-1.94391295077332
2.5243496112907,10.134261344691,-3.28605411490558,1.75739854734887,-5.90555576111656,-0.961063486858099
2.46486932542316,10.0602045130644,-3.24604243582154,1.55450305304334,-5.71032757676731,0.0474603476470121
2.40607213947293,9.98249048886914,-3.2160249240359,1.32116431168341,-5.4749740732294,1.0569999088896
2.35052595555676,9.9072615437348,-3.19796829674402,1.05571246237419,-5.1981971225766,2.0477708756055
2.29884268437564,9.83740114790235,-3.18992145162903,0.757142405303681,-4.88458077297423,3.00975624381392
2.25032996967357,9.77436457608697,-3.18894774904693,0.42392035570085,-4.53750482247346,3.90850987580271
2.20266687188471,9.71673082877174,-3.19242953592487,0.058146714879602,-4.161585696652,4.71937271625227
2.15190650391729,9.66052506455121,-3.1967668436962,-0.334346985778904,-3.75949850702513,5.41038686796665
2.09508540377386,9.59935721116787,-3.19998493626962,-0.744243401308481,-3.33222044683878,5.9496421545674
2.02794693363407,9.52464047609675,-3.19880390805502,-1.15959180927762,-2.88000845112765,6.31262348551664
1.94820234007318,9.42615017755544,-3.19092015861185,-1.56704696498266,-2.40191199237743,6.48222555609633
1.85488216106559,9.29290949053817,-3.17240184307143,-1.95330953723845,-1.89895087731918,6.45853328495596
1.74866373182098,9.11436891288641,-3.13899378341043,-2.30641508509317,-1.37509325819175,6.24172121293632
1.63252317849744,8.88135750636932,-3.0857942567506,-2.61670453970882,-0.836521593464124,5.84670808843194
1.51043161152285,8.58634928469084,-3.00758371905866,-2.87682820842804,-0.292606769788214,5.29826017855007
1.38865607241251,8.22372854209916,-2.89980524131737,-3.08140623051959,0.246295646375017,4.61387492911166
1.27217350940817,7.7893700466147,-2.75759047105005,-3.22622367798023,0.770561418313909,3.8233105992883
1.16727375201949,7.28031611995635,-2.57804282897879,-3.30757163438628,1.27081478423924,2.94414011634577
1.07862485778615,6.69468117609343,-2.3586111780602,-3.3216859558229,1.74062092468393,2.00372488442459
1.01220195617933,6.03145814616671,-2.09969730994585,-3.26487041303965,2.17477958639254,1.01965702318464
0.972352702516901,5.29065035377821,-1.80205044408814,-3.13332709944898,2.57079335015426,0.0095210405908901
0.963749108098075,4.4733379359645,-1.46806988738128,-2.9236224566698,2.92691436882189,-1.0091146942091
0.990733492239118,3.58219985593146,-1.10212959803861,-2.63271382637675,3.2433661879721,-2.02847680162228
1.05731584785819,2.62167688989264,-0.709273015826787,-2.25826931608746,3.52038890571975,-3.03593188386821
1.16782258632265,1.5987524892448,-0.295535981213247,-1.79884108003603,3.75872722266283,-4.02376155527248
1.32591634207765,0.522820169543259,0.132056635871387,-1.25398960308846,3.95962985756341,-4.98183548088961
1.53426735039469,-0.594124924252896,0.566472000900528,-0.62477414814419,4.12436031746339,-5.90494219831937
1.7952023091998,-1.73814294187056,1.00132461495289,0.0861970750688714,4.25590626379628,-6.78301805021079
2.10874769200387,-2.89433320704861,1.42957697391255,0.874302148283638,4.35775661813992,-7.60847855365859
2.47327994818154,-4.04798151891223,1.84549756576245,1.73285695935519,4.43463256908026,-8.37622034124515
2.88519957685893,-5.18554437808329,2.24401243575611,2.65311666741528,4.49248499666562,-9.07629371661683
3.33893206473635,-6.29543688181553,2.62005632597497,3.6245958448924,4.53678123352493,-9.70612037787635
3.82627866876414,-7.36833063598693,2.97085507087972,4.63575594785516,4.57274639429264,-10.2680501000703
4.3383744084051,-8.39718949803483,3.29299543862016,5.67386275651266,4.60438364843738,-10.7620287595104
4.86569222602195,-9.3770757485913,3.58633496700282,6.72740919638298,4.63471678315967,-11.1929243895238
5.3990245000736,-10.3048571591695,3.8504187333655,7.78414025918484,4.66554500532204,-11.5680793275981
5.9285100679961,-11.1786849413066,4.08675883281109,8.83349948500826,4.69866423648131,-11.8973033815513
6.44656985515535,-11.9977966609888,4.29818135815556,9.86516584253223,4.73415721844847,-12.1830949333668
6.94530408804841,-12.7618300729652,4.48784683172974,10.8700330184876,4.77308159947683,-12.440179399618
7.41851446660116,-13.4707882971649,4.659573250571,11.8392337074597,4.81551620721098,-12.6661860017482
7.86030541783317,-14.1245164702936,4.81620465004581,12.7646293850745,4.86178340164548,-12.8709608360334
8.26498796279467,-14.7226673194286,4.96091166806143,13.6390554003304,4.91147279840765,-13.05213293343
8.62714643157723,-15.2645694477909,5.09588646887411,14.4546114143295,4.9636867900195,-13.2146569945657
8.94147719353404,-15.7489658608655,5.22266689163243,15.2048608470472,5.01655358963008,-13.358596397981
9.20292065693759,-16.174990795095,5.34246113951264,15.8836097993607,5.06820653980353,-13.4815657196713
9.40708646760728,-16.5409318516858,5.45549569145395,16.4846631531369,5.11532075030551,-13.5811751770676
9.55038537432164,-16.8457287723373,5.56231807226432,17.0028023404191,5.15482624574665,-13.6599176457784
9.63058418185823,-17.0892994931462,5.66281958382866,17.4330529071071,5.18464384803227,-13.7129535099619
9.64674119237138,-17.2718886253246,5.75721262244709,17.7706850929313,5.20222192653214,-13.7378847995284
9.5992061302134,-17.3940672852543,5.84407658988406,18.0121917167373,5.20673745882008,-13.7323143455538
9.48955428281818,-17.4577099487425,5.92329029665421,18.154555745906,5.19812036463295,-13.6962901538505
9.32032463350989,-17.4653420927482,5.99342673622506,18.1957392836668,5.17778711114904,-13.6249774320226
9.09465988708663,-17.4194875344366,6.05273137769162,18.135416558297,5.14693057565236,-13.5184327966955
8.81627204148291,-17.3233186928499,6.09977503649842,17.9737519943204,5.10774125657439,-13.3791615981253
8.48924498786099,-17.1787010650126,6.13345513119445,17.7126210346094,5.06291789466078,-13.2047881352802
8.11786967788641,-16.9891241138298,6.15299669752255,17.3543875236049,5.01493344133291,-13.0002706671716
7.70683764091057,-16.7564104951636,6.15697612720875,16.9028795669721,4.96603398365356,-12.7681271594901
7.26097846340885,-16.4828330364798,6.14527658804121,16.3619221211801,4.91921486589976,-12.5108760303018
6.7854207456651,-16.1702026310479,6.11843699664916,15.7363126735523,4.8765092986762,-12.231034292889
6.28549244380208,-15.8200639088901,6.07700051192914,15.0313310389743,4.84020879393109,-11.9335582798507
5.76665375438021,-15.4339563411863,6.02216579075097,14.2520049390812,4.81164069994327,-11.6185119493786
5.23452769530935,-15.0133497457447,5.95480935406468,13.4040860051161,4.79214474546542,-11.2859520595834
4.6947352091515,-14.5598404651473,5.87646232449578,12.4940485272725,4.78209537038012,-10.9359280595327
4.15286056394359,-14.0752172394696,5.7889839384011,11.528355179008,4.78163452162674,-10.5660393004662
3.61425392937238,-13.5616572605157,5.69358344352551,10.5141886126444,4.79018319693434,-10.1689941398332
3.08409463440075,-13.0215962917867,5.59179659752786,9.45944995887758,4.80668620910249,-9.74482854180541
2.56706365940398,-12.4580220151768,5.48515916798416,8.37324549161948,4.82961293600884,-9.28625015723389
2.06717924917815,-11.8742133168934,5.37422904526114,7.2641741574933,4.85671406285096,-8.78841434312975
1.58760034112214,-11.2738050447397,5.25956318639686,6.1422795394558,4.8857558246903,-8.24892788074705
1.13140755127746,-10.660624511012,5.14139179609023,5.01709256395902,4.9137885723438,-7.65808043661032
0.699713451993931,-10.0386906690934,5.01929272487933,3.89811723164964,4.93788139025789,-7.0159506982964
0.293291572170213,-9.41211539853501,4.89316906727063,2.79482779916707,4.95561237544708,-6.31775103880437
-0.087097261937243,-8.78493952287408,4.76194669369137,1.71544457543408,4.96384864342115,-5.56604497941441
-0.442984228089415,-8.16106650823528,4.62487797231553,0.667420383401024,4.96070226644419,-4.75853301030993
-0.77525928696349,-7.54416360020167,4.4818681574842,-0.343049614922051,4.94430982619578,-3.89782604123057
-1.08579819096968,-6.93746531966169,4.33152146825341,-1.31127307570165,4.91356604208896,-2.98900220679451
-1.37680911182049,-6.34334918268554,4.1740734001103,-2.23332766605211,4.86812403462694,-2.03716199592782
-1.65050483385075,-5.76327019306366,4.0084594705737,-3.10718432072923,4.80741796985124,-1.04498364512516
-1.90910075313339,-5.19746792502392,3.83492157027377,-3.93121570919592,4.7318842553626,-0.0249363487589878
-2.15383593926016,-4.64519549371345,3.65240238014146,-4.70490303963726,4.64125084132848,1.02271060705988
-2.38627482854602,-4.10478630734173,3.46147740334299,-5.42846753942654,4.53551398373289,2.08790188736143
-2.60732896156043,-3.57398194676852,3.26174912993342,-6.10281917988224,4.41444925910025,3.16301430050667
-2.81758202015132,-3.05048836306355,3.05249879865467,-6.72952955683467,4.2783440851729,4.24285992139143
-3.01728949029667,-2.53204347569304,2.83431547381108,-7.31073122248148,4.12702003486193,5.3222445993689
-3.20670430457992,-2.01687548106045,2.60681592816777,-7.84891909680935,3.96154241133247,6.39352644671198
-3.38607683741677,-1.50357448794213,2.37059917353033,-8.34667851410632,3.78299772184554,7.44906150539784
-3.55500356921065,-0.99135464626014,2.12561774244428,-8.80655992535401,3.59224818877801,8.48364946408674
-3.71373038340503,-0.479924943915875,1.87248063646972,-9.23068508282384,3.3904192252004,9.49209229729968
-3.86217560504897,0.0303798506553951,1.61147600928069,-9.62084219996342,3.17792113214395,10.4667530249785
-3.99993036837444,0.538794421834536,1.3438738935662,-9.97816622082746,2.95518117867372,11.4024443930879
-4.12691063317089,1.04412306750496,1.07029703750998,-10.303381475151,2.7221543485562,12.2939879711321
-4.2433576067776,1.54487046839333,0.791697720520182,-10.5965561886937,2.47832296579539,13.1362160704646
-4.34853521162161,2.03937269363575,0.508705914843627,-10.8574193541278,2.22294093996971,13.921531306539
-4.44333653083547,2.52583064075037,0.221629075270969,-11.0851649571441,1.95527817953491,14.6521240168178
-4.52767809026707,3.00261065446822,-0.0688964450757921,-11.2786963290871,1.67462072336976,15.3204282994006
-4.6027801586679,3.46819330043177,-0.362556958824783,-11.4366265046779,1.38100363888189,15.9262252515125
-4.66856082130006,3.92127189225754,-0.659361383460772,-11.557320376343,1.07398924130299,16.4668720225235
-4.72624200639233,4.36080171067632,-0.959315234844085,-11.638932212363,0.753644043850957,16.9446313865281
-4.77639495748135,4.78596959395594,-1.26242029456498,-11.67951473136,0.420294014146397,17.3642273178786
-4.81991736407735,5.19618782122104,-1.56867426713612,-11.6770399152446,0.0745238970310145,17.7279563185706
-4.85738183560123,5.59104227567386,-1.87741906268224,-11.6294908194563,-0.283800697096128,18.0430140023804
-4.88968735995131,5.97025518199423,-2.18864366855189,-11.5349510479899,-0.654068009601132,18.3166049839036
-4.9177334562857,6.33363346283295,-2.50135535707084,-11.3917553491477,-1.0371193385535,18.558380763216
-4.94176863903007,6.68103630063387,-2.81358006197092,-11.1985419735017,-1.43329463381114,18.775547961627
-4.9626934740691,7.01233945810681,-3.12464328812676,-10.9545619255667,-1.84414237292192,18.9801915803454
-4.98140901306893,7.32739638508813,-3.43191340240071,-10.6595946570178,-2.27144156681115,19.1770534861059
-4.99849088689419,7.6260254535165,-3.73340874188597,-10.3141200150582,-2.71768908859758,19.3757427036475
-5.01451499486208,7.90794842401981,-4.02714740910526,-9.9194165660395,-3.18634209015777,19.5809581893162
-5.03005748307595,8.172856061363,-4.3101714138906,-9.47756179401531,-3.68108250232379,19.7924857065782
-5.04569468865697,8.42037612794866,-4.58115412510311,-8.99140745117437,-4.2058139957026,20.0100835575425
-5.06200304633549,8.65017175942935,-4.83812126523648,-8.46455449914622,-4.7646585837961,20.2261550165629
-5.07858191293584,8.86210501001876,-5.08138338129565,-7.90144977881143,-5.36048726685255,20.4306393917997
-5.09568257665337,9.05653057466701,-5.31092999272299,-7.30706693993825,-5.99418419666808,20.6134622231405
-5.11257989776101,9.23436120450422,-5.52936063995467,-6.68697792164672,-6.663912138779,20.7596575222636
-5.12855013711825,9.39739328060934,-5.73895165796207,-6.04693556059299,-7.36462406477068,20.8615920924501
-5.14287170859109,9.54791523548747,-5.94263142118208,-5.3926759845606,-8.0883097922767,20.9116431717812
-5.15450022257566,9.68926009230842,-6.14397804625819,-4.72735175811696,-8.82522176498448,20.9095317948342
-5.16304649107899,9.82238388507945,-6.34461112403766,-4.05915279030783,-9.56827738275075,20.8525521985473
-5.16812559343614,9.95039258752853,-6.54647019487057,-3.39104335289866,-10.307200092625,20.7477867807518
-5.16968297360984,10.0748927206876,-6.75018474567838,-2.72601379705753,-11.0351202092846,20.6023299494875
-5.1672129563725,10.1968700852657,-6.95637630812828,-2.06666536643095,-11.7465505625631,20.4159546995726
-5.16106197999827,10.3170478530073,-7.16402935438336,-1.41552804975174,-12.4371441325203,20.1982111825295
-5.15122340801967,10.4358214246844,-7.37244590005841,-0.775354004390189,-13.1038171895876,19.9488784371109
-5.13779359643956,10.5535843022695,-7.57994295821458,-0.149410734981767,-13.7442363950018,19.6775056178762
-5.12103706352314,10.6708910531586,-7.7838534203667,0.458592607200732,-14.3567938822139,19.383863706387
-5.10151666159991,10.7878710073418,-7.98150469420075,1.04352904823027,-14.9406551009361,19.0726014410758
-5.07921389907981,10.9069967266522,-8.17119728759793,1.60264193587658,-15.4938764493962,18.7459138075498
-5.05463637569289,11.0285552678881,-8.34992576656181,2.13061121771285,-16.0167754536411,18.4010975820389
-5.0280684115173,11.1543282487469,-8.51598594150573,2.62258481214792,-16.5084598986833,18.040323686554
-4.99960347988217,11.2862551271799,-8.6673471546039,3.07413210113306,-16.9678035129178,17.6559794727745
-4.96917678306069,11.4265617917191,-8.80328163718175,3.4813926992978,-17.3932005757778,17.2477725798768
-4.93656537584612,11.5775630981811,-8.92338739229384,3.84124942522086,-17.7822965173252,16.8056323923514
-4.90122556553515,11.7416280097888,-9.0279135555122,4.15142765518907,-18.131914561782,16.3243731410043
-4.86239110584463,11.9211445046784,-9.11775956958726,4.4105698499151,-18.437983073867,15.7963696734505
-4.81884588602904,12.1182888456992,-9.19479952788751,4.61821192843956,-18.6956835165556,15.2140056737527
-4.76892496178886,12.3350553246853,-9.26057733154071,4.77488134805148,-18.8996772546376,14.5696794184751
-4.71064623397287,12.5729602075147,-9.31695617460099,4.88175501177067,-19.0443915124968,13.8582523407436
-4.64158186757747,12.8327783423473,-9.36579069370307,4.94080545963281,-19.1244864233712,13.07705329756
-4.55908836513982,13.1143126220262,-9.40827338671031,4.95453145050734,-19.1352488038639,12.2209959874102
-4.46060201889718,13.4160661985616,-9.444932847756,4.92534641132483,-19.072790246235,11.2972395069305
-4.34409723189595,13.735013113851,-9.47498108455939,4.85606636019129,-18.9342399276284,10.3032004366015
-4.20847938628391,14.0663046936511,-9.49761587775491,4.74873675005736,-18.7177561435252,9.25098259824621
-4.05404223367243,14.4034330447832,-9.5097405707486,4.60541420761767,-18.4222588746957,8.14782855162714
-3.88308715454537,14.7382327614342,-9.50791945787303,4.42670124765501,-18.0470155189717,7.00588655753167
-3.70011756268635,15.0612419718121,-9.48837929288405,4.21370196771492,-17.5913488182885,5.84220345317876
-3.51193396033605,15.3621619482743,-9.44635966427019,3.96655786174935,-17.0541008352179,4.6665007531309
-3.32736898604634,15.6302847079134,-9.37644119212678,3.68493865498407,-16.433390794105,3.5007105333047
-3.15698829156539,15.8550511760168,-9.27385132083986,3.36951073050936,-15.726886833089,2.3520920164618
-3.01220375670867,16.0264464310488,-9.1334898973206,3.02071807295725,-14.9307350958183,1.23765443626005
-2.90464643429228,16.1350689524429,-8.95090920373893,2.64000618050068,-14.042349800192,0.164604966068656
-2.84521340645067,16.1721344356271,-8.72231657579861,2.22884702177709,-13.0584396972894,-0.862082939853828
-2.84350571471368,16.1293816748932,-8.44392532330339,1.79020676677909,-11.9777009939681,-1.84040467081021
-2.90710406315103,15.9988155216029,-8.11325995221213,1.32805842463597,-10.8015551641822,-2.7766985824395
-3.04126901557383,15.7723197577407,-7.72720378650747,0.847382370500848,-9.53464090800005,-3.68173195723485
-3.24864247286138,15.4416939178089,-7.28460691478996,0.355143260577329,-8.18554839270274,-4.57118045954701
-3.52888548230923,14.9984953047562,-6.78335630237441,-0.139467302960666,-6.76779516847948,-5.46463834517736
-3.87867602368458,14.4342074870025,-6.22330925587403,-0.624545558509605,-5.3000658827299,-6.38340433210157
-4.29121999762377,13.7407026490645,-5.60401477193765,-1.08596958144866,-3.80498272877301,-7.34973159308884
-4.75625286819027,12.9107695271018,-4.92601798417553,-1.50716236131451,-2.30811730678658,-8.38338984933676
-5.25965266702974,11.9389996962953,-4.19118714709158,-1.87129964424082,-0.83700026458329,-9.50042732903432
-5.7836743543589,10.8228687312822,-3.4020629004495,-2.16254125167458,0.581336239200421,-10.7090039334169
-6.30617705361593,9.56355547940471,-2.56283577771853,-2.36897188230479,1.92306017964294,-12.008405314242
-6.80353471688807,8.16718275698791,-1.67934572096061,-2.48358525375482,3.16877362723377,-13.3880631823482
-7.24905347665454,6.64533860073709,-0.758429262209653,-2.50502070955293,4.30498803522258,-14.8268268811515
-7.61572308505884,5.01533357964344,0.191756734923459,-2.43634193219437,5.32486276702291,-16.2976163456308
-7.87786158022932,3.30006361620554,1.16206347722878,-2.28430135718164,6.22674080162368,-17.7689037497297
-8.01210802866078,1.5272829002263,2.14202785374867,-2.05811381179737,7.0151237796973,-19.2098621453774
-7.99808843648602,-0.271614980564084,3.12280774079472,-1.76774030861352,7.69822335499046,-20.5918493866526
-7.82135993021899,-2.06324178136982,4.09457933771328,-1.4246144217004,8.28795301384289,-21.8901345493809
-7.47309444125663,-3.81408871645603,5.04914613682952,-1.0394368531801,8.79820786015402,-23.0839115967195
-6.951713157227,-5.49612975766577,5.97928980226399,-0.621680818474938,9.24363197861382,-24.1582643728605
-6.26060825602977,-7.07728710437359,6.87453785114002,-0.184716727198335,9.63936275957293,-25.0985553495795
-5.41139850580421,-8.53612387760752,7.72605312182919,0.263477381061018,9.99882113411991,-25.8994704344018
-4.42131727633279,-9.85641172295991,8.5250085065782,0.714456779268019,10.3334575263568,-26.5594014317364
-3.3123558969374,-11.0284008832949,9.26193896330529,1.16175613430796,10.6520110047004,-27.0816656107296
-2.11050194764762,-12.0486954171077,9.92837410940828,1.59918154620036,10.9602591679141,-27.4735237666821
-0.844030748182632,-12.919622176401,10.5161906242658,2.02227777169686,11.2617474103956,-27.7449516064103
0.458171741884316,-13.6478999523003,11.0189188854727,2.42588594466854,11.5572985862361,-27.9074096335449
1.76792780187466,-14.2434038279726,11.4330487621738,2.80585437468491,11.8464788192602,-27.971635388922
3.05915115458965,-14.7175925034813,11.7567281163837,3.15659623019826,12.1268658474461,-27.9469023219126
4.30900048769745,-15.0825865708248,11.9910659674261,3.47231242580962,12.3964942206772,-27.840524492303
5.49834660887407,-15.3500516024228,12.1391540740758,3.74723782156013,12.651659076344,-27.656141859396
6.60989205933871,-15.527379101798,12.2050874702541,3.97417779559472,12.8883851282264,-27.3968939839828
7.63723259548103,-15.6308068094553,12.1988469587687,4.14768717644111,13.1056056363932,-27.0612665474178
8.5716665379393,-15.6677229938819,12.1268474135062,4.26407270096425,13.2993013824125,-26.6477351886739
9.40893824560904,-15.6456188508046,11.9981220073535,4.31944033803143,13.467633721522,-26.1552571473288
10.1476738505298,-15.5719220388908,11.8204085856208,4.3131168850396,13.6094808758065,-25.583762763723
10.7890203935248,-15.4540584499032,11.6027509588678,4.2461841808517,13.7251720332656,-24.9344022012003
11.3357951059411,-15.2994489930514,11.3535398268719,4.12172214568136,13.8159990295425,-24.2100357262263
11.7921225363203,-15.1154087710331,11.0818111671137,3.94505062003646,13.8842158262255,-23.4147458551465
12.163103822273,-14.9092417851401,10.7949616895923,3.72250421991569,13.9330372563078,-22.5545700940667
12.4542252131058,-14.6877494058675,10.5010251355511,3.4616722733585,13.9654157190668,-21.6367668009152
12.671222761657,-14.4570322879379,10.2054114407227,3.16943968929775,13.9833066058661,-20.6685917682718
12.8198170139564,-14.2222927277951,9.91383582011638,2.85271547970866,13.9893771071536,-19.6575405511755
12.9055458308058,-13.9875398756755,9.62938520483845,2.51745160909191,13.9848062432941,-18.6113464806521
12.9337279902868,-13.7556539569754,9.35414612335368,2.16839551000422,13.970505677984,-17.5367572800496
12.9094924141708,-13.5282883377147,9.0892047715689,1.81030919977176,13.9471193786126,-16.4397780875593
12.8378078119202,-13.3060654500628,8.83334494221666,1.44625729824954,13.9157562002102,-15.3261593522683
12.7234801068255,-13.0886104626421,8.58598142641957,1.07956031881934,13.8767679371136,-14.1999308398757
12.5711827416058,-12.8748786245048,8.34520749362552,0.712572354267576,13.8309705037146,-13.0651123679253
12.3854220967397,-12.6630921022743,8.10877436273865,0.347902107457033,13.7784220549547,-11.9249818959927
12.1704054453102,-12.451165715441,7.87441941535424,-0.0125646729019004,13.7193999703035,-10.7818326725754
11.9298766531073,-12.2367419132005,7.64051995340907,-0.366688153635579,13.6531792313404,-9.63892945168026
11.6672128382826,-12.0174537827294,7.40479223803682,-0.712563213570036,13.578277080007,-8.49806718099929
11.3853259345511,-11.7909599520752,7.16592208210224,-1.04827534905154,13.4931867274498,-7.36201601294034
11.0865971915008,-11.5552399072514,6.92193778198516,-1.37287797493456,13.3956454549149,-6.23403434926937
10.7729423514012,-11.308628423869,6.67184032207513,-1.68492643844998,13.2833688337961,-5.11713717342742
10.4460074374835,-11.0497519494672,6.41462731497397,-1.983210871585,13.1542964126293,-4.01605137729822
10.1070064673061,-10.7776601205792,6.14961964081056,-2.26748895411776,13.006592954678,-2.93184183394705
9.75698284907873,-10.4917940780775,5.87581077369669,-2.53701965778172,12.8391380252621,-1.8711959473291
9.39674518394081,-10.1916613483342,5.59317045270928,-2.79178435239168,12.6510379905624,-0.838849640556103
9.02696604627701,-9.87706433166655,5.30101645572356,-3.03273038608414,12.4428476949792,0.162901649962539
8.64818312027602,-9.54774234310528,4.99931803828592,-3.26030415621438,12.2146156377082,1.12443121930579
8.26089810327083,-9.20346967861187,4.68739343276133,-3.47616004278677,11.9673492468084,2.04588400702319
7.86544762036365,-8.84386057147812,4.36586470762412,-3.68218157194172,11.7030138671486,2.91763280509157
7.46219991569562,-8.46849999695364,4.03437777563826,-3.87999096079243,11.4225769359848,3.73738155834286
7.05155607968579,-8.07694427721608,3.69290571487895,-4.07168019733941,11.1279611527414,4.50039438623501
6.6339512254617,-7.66872176875164,3.34174915618035,-4.25907618413783,10.820821516668,5.20193984109207
6.2101161635187,-7.24349648269922,2.9812107831416,-4.44349459593028,10.5018111070548,5.83973545101237
5.78088287253773,-6.80119910961611,2.61126989023306,-4.62549410784728,10.1718017473512,6.40906280119327
5.34757610289673,-6.34209278564838,2.23321134608851,-4.80487543566844,9.83115040320688,6.90765531624732
4.91181835014844,-5.8668712597665,1.8476710903763,-4.97994813797217,9.47847746243879,7.33569922502443
4.47579053007903,-5.37675682088945,1.4559390203087,-5.1477755892443,9.11286604514179,7.69339032320251
4.04203623525784,-4.87346763634898,1.05930733285347,-5.30466515572333,8.73093147950711,7.98093370122954
3.61346108115757,-4.35938020643527,0.660047326080849,-5.44497354421623,8.32975502663322,8.20098643369975
3.19326658450992,-3.83733314163928,0.260431384432083,-5.56277155458688,7.90493207425554,8.35132824847796
2.78465576997882,-3.31072376976954,-0.137267954639687,-5.65106649295348,7.45106420900387,8.43463468430719
2.39083181089784,-2.78347409526655,-0.530127545527324,-5.70253993617686,6.96371777344582,8.45603365723794
2.01454062015055,-2.25983354985298,-0.914900729865927,-5.70979737770626,6.43722939756588,8.41333259102961
1.65813477990984,-1.74432155128297,-1.28932173800904,-5.66583797031425,5.86788646703361,8.30923517552982
1.32311656454771,-1.24156562842834,-1.65080388430145,-5.56445093866525,5.25246535320886,8.144013698416
1.01030029169901,-0.756162228070355,-1.99644078250058,-5.40041627363184,4.58921217007151,7.91795406847922
0.719616822374378,-0.292508175083477,-2.32463627745212,-5.17004697499094,3.87931122352173,7.62891595696249
0.45008145421213,0.145358028301479,-2.63412795556812,-4.87131524750688,3.12493183188695,7.27966564769826
0.200120647169079,0.553908223589735,-2.9239875130031,-4.50422208809596,2.33118289927883,6.87299230132247
-0.0324591655796982,0.930266586143011,-3.19394662685516,-4.07092146969912,1.50489011374969,6.40682457339154
-0.250209278475768,1.27236103491909,-3.44374534928606,-3.57594099388,0.65410488782948,5.88889233369533
-0.455776227523446,1.57902533660234,-3.67443467060275,-3.02608358252014,-0.211654608319054,5.32206966588066
-0.651802144086726,1.85006160526239,-3.88642131560941,-2.43037664948441,-1.08311743326007,4.71659076333798
-0.8405971871279,2.08625012588628,-4.08076994234825,-1.79971945391936,-1.94979810205535,4.0802768308088
-1.02381226911827,2.28927522686342,-4.25822512257388,-1.1464902123814,-2.80244384495491,3.4234208345469
-1.20341503876581,2.46160959019456,-4.42018772425542,-0.483978862499983,-3.63108415300813,2.76367050733343
-1.37940879424841,2.60634958552382,-4.56708537676453,0.174180732921454,-4.42723335492806,2.1138073926439
-1.55276383451129,2.72705612670822,-4.70000056339597,0.814639849314165,-5.182672454857,1.49395588411666
-1.72313711605356,2.82756187481221,-4.81969277899546,1.42491979570198,-5.89067351688521,0.924245494462086
-1.88952405090889,2.91178894415201,-4.92659801357873,1.99389609169564,-6.54502472280655,0.422358136413477
-2.05123648057354,2.98355065026641,-5.02115419457316,2.5122671206905,-7.14198639855035,0.0108474428012528
-2.20627492337313,3.04635338510769,-5.10380096070999,2.97287506357847,-7.67833718860516,-0.287759326939872
-2.35295865789965,3.10320233014948,-5.1746537638768,3.37065908763971,-8.15283978086261,-0.458302617110184
-2.4892757811422,3.15646083434939,-5.23415527906396,3.70275382470278,-8.5650185133621,-0.478343386988994
-2.61418762342765,3.20777357742213,-5.28144679395182,3.96807358954695,-8.91540227394189,-0.340161780183047
-2.72534992170173,3.25805310635451,-5.31730017344843,4.16692006134954,-9.20625545317307,-0.0287782402216359
-2.82172028453511,3.30755612447264,-5.34086059510449,4.30056489365159,-9.43913244797328,0.458494075100787
-2.90258218098789,3.35602601741604,-5.35225284541184,4.37092971030052,-9.6168297295158,1.12181666906239
-2.96787145410996,3.40288196090479,-5.35127867659621,4.38019274743516,-9.7426503397218,1.95882333596011
-3.01719966095615,3.44744632091941,-5.33806851921229,4.3308842375155,-9.81942398558937,2.95484803608641
-3.05148319156576,3.48919746930766,-5.31210454550025,4.22588421409418,-9.85072609454425,4.09758732749086
-3.07164029411608,3.52805075076126,-5.27450107577888,4.0685425520848,-9.83989814120732,5.3600057973868
-3.07793953346359,3.56455762755413,-5.22604984990213,3.863043254311,-9.78980112916192,6.72477641898113
-3.07130292359257,3.6000651830917,-5.16852237804974,3.61357153037452,-9.70330240105441,8.15741746423751
-3.05200316003606,3.63656879523867,-5.10304039103286,3.325532969032,-9.58327406353773,9.63317963581259
-3.01998984090409,3.6763199675843,-5.03105225503853,3.00408514372213,-9.43283578979923,11.1272857376668
-2.9752160131914,3.7211342533269,-4.95368071269961,2.65413521924913,-9.25486474476927,12.6173829739346
-2.91829046565892,3.77177760049639,-4.87074518709669,2.28107074510773,-9.05223856949294,14.0835504655256
-2.85080388645541,3.82765631794762,-4.78141351113808,1.88929189128096,-8.82710139036581,15.503419532379
-2.77597998208605,3.88704539633127,-4.6848541599454,1.48367573797783,-8.58086324995853,16.8546238192868
-2.69737126137299,3.94767262540439,-4.58121415099316,1.06884194806379,-8.31322312911175,18.1123644362337
-2.6191829948219,4.00742030643392,-4.46999071148393,0.649395766563088,-8.02339172825519,19.2445348355045
-2.5449682587197,4.06486718667561,-4.35263731291644,0.229682562541928,-7.7096048724259,20.2215077510364
-2.47795188607977,4.11947479020364,-4.23028293181182,-0.186213135317117,-7.37083611385435,21.021035743496
-2.41940055343519,4.17142126461562,-4.1047083719919,-0.593979873186721,-7.00631049537396,21.6184912230985
-2.37122821855256,4.22107311206651,-3.9776936501651,-0.989324493226703,-6.61575101054122,21.9966504156559
-2.33339007400582,4.26838182755361,-3.85101671992183,-1.36626330596815,-6.19986906115416,22.1432597535292
-2.30681455354593,4.31250881017808,-3.7267778419498,-1.71932286106711,-5.75865593067305,22.0559276049492
-2.29144926315774,4.35177004058626,-3.605769564039,-2.04183225595162,-5.29285038308823,21.7347966788976
-2.28854145484599,4.38386475176455,-3.48943017349031,-2.32812472178083,-4.80296323429515,21.1849864464758
-2.29933488170067,4.4061436636242,-3.37821407663827,-2.57354025451356,-4.29025637485825,20.4190332014001
-2.3250692802542,4.41582539522011,-3.2722426535629,-2.77442767044801,-3.75723286448208,19.4519979486299
-2.36697975039707,4.41019672876653,-3.17097825857863,-2.92912315708999,-3.20739344845168,18.3039015795909
-2.42629602384974,4.38647416570818,-3.07322435111975,-3.03672917171981,-2.64596950883016,17.0021574510896
-2.50391593150072,4.34212157116882,-2.97810312383215,-3.09735858250366,-2.07992202484307,15.5693436423518
-2.60040468284697,4.27484204392412,-2.8827760082199,-3.11237829603717,-1.51769503539941,14.0402913711951
-2.71566858938541,4.18261206129279,-2.78472523093368,-3.08416364882504,-0.969456539637549,12.4449679751441
-2.84895484967787,4.06420407595381,-2.68175532209745,-3.01536374515363,-0.44538398260277,10.8206756381073
-2.99820035483117,3.91918755531844,-2.57036595842293,-2.90914387161139,0.0426306395039253,9.19981855846187
-3.16198684674302,3.74825524567172,-2.4480340379938,-2.7701605082857,0.483429568125544,7.61721496768453
-3.33661022245634,3.55335331758692,-2.3125638936569,-2.60235995957519,0.865618013608519,6.10519403371734
-3.51901380558717,3.33751758227585,-2.16143731507037,-2.41068588509889,1.1790359401771,4.69113694721032
-3.70483580055344,3.10496955555086,-1.99442072724969,-2.19912225508629,1.41451938159638,3.39502132475824
-3.89036589417708,2.86075577446874,-1.81030840060608,-1.97142403236021,1.56488268006202,2.23674111287119
-4.07189585644053,2.61035401086309,-1.61018017264838,-1.73062679700796,1.62467832529314,1.22632732828051
-4.24572149514949,2.35947463758124,-1.39446953805319,-1.47855698109412,1.59117724500609,0.37127380245117
-4.40847031105954,2.11350360973546,-1.16491759349799,-1.21632012695236,1.4629048959999,-0.328349260274033
-4.55742893749458,1.87720625925207,-0.923269255124552,-0.944545463534484,1.24110808146918,-0.879891799920334
-4.69087012612584,1.65410587664071,-0.670620951555449,-0.663142339312161,0.928533340018553,-1.28834527316943
-4.80740199446635,1.44657972284401,-0.408723028428418,-0.3717900094944,0.529181785430418,-1.56855050974476
-4.90661983306266,1.25549992065545,-0.138676285960803,-0.0699390887980973,0.0490405754827021,-1.73297271821577
-4.98878019389504,1.08046167781265,0.137765425545237,0.243675321984591,-0.505384990250369,-1.80634800120066
-5.05512592454915,0.920077568114567,0.418847130244085,0.570054349743057,-1.12634091942346,-1.80612440870072
-5.10658211918968,0.77243534713915,0.703138893536404,0.910421796537299,-1.80482727907841,-1.75710593495667
-5.14570922826002,0.635262999170056,0.988558936773106,1.26597757033984,-2.53206708311382,-1.68166505352849
-5.1737697354118,0.506549969238367,1.27269993585288,1.63691827888994,-3.29877629072295,-1.59972789468824
-5.19268115003976,0.384614495819383,1.55380689212181,2.022679838664,-4.09589946636163,-1.53120407944933
-5.20468876247817,0.268398645110786,1.82980035991001,2.42144781106384,-4.91485648853142,-1.49108867454762
-5.21040976801542,0.1575348760491,2.09860262976399,2.82966863678142,-5.74632312628075,-1.48945305856791
-5.21208960121505,0.0523795041920434,2.35878957544771,3.24253920946909,-6.58243172386466,-1.53388197952681
-5.21001767912134,-0.0459218191426505,2.60861356949136,3.65425311446206,-7.41432969194982,-1.62458434922604
-5.20513263290632,-0.135629776794698,2.84698074411441,4.05751484590078,-8.23413544678567,-1.76172247121011
-5.19771883606487,-0.214314397001251,3.07247365565013,4.44378799610285,-9.0341090247605,-1.9380851749482
-5.18805751580428,-0.27918199268007,3.28367694663582,4.80525431227052,-9.80633559919391,-2.14886459172096
-5.17577511675245,-0.327109286916643,3.47950302865485,5.13335264259601,-10.5432885892162,-2.37700452259698
-5.16082056149418,-0.354905807434411,3.65854048953905,5.42073829492904,-11.2376598358802,-2.61519730486331
-5.14313950021903,-0.359446115383995,3.81905415590731,5.66104331072446,-11.8823363627704,-2.84390572909387
-5.12137149193688,-0.337964900326758,3.95931113831085,5.84985754737657,-12.470523782393,-3.05580406440343
-5.09578205146637,-0.288156481423513,4.07758124650017,5.98522000599217,-12.9959185866857,-3.23379978447148
-5.06533112133788,-0.208371770491424,4.17148610551001,6.06664300085725,-13.4528803710706,-3.3657022455881
-5.02930209721743,-0.0975543101031993,4.23897727095225,6.09633387299169,-13.8366038906684,-3.44667460280362
-4.98665081622385,0.0444983220223238,4.27833713098367,6.07894936085611,-14.1433396952042,-3.4694670966945
-4.93665752143445,0.2173947110135,4.28720261001462,6.02012706479492,-14.3705410621855,-3.43175085289743
-4.87795016298475,0.420051854702053,4.26386927742589,5.92697052957805,-14.5168809501126,-3.33612032936895
-4.80915663146247,0.65085833702339,4.2076180273299,5.80804490235307,-14.5822879681274,-3.18764963865303
-4.72825428691194,0.90780518680585,4.1170870401554,5.67068476603665,-14.5678230257192,-2.99144729978607
-4.63419980257202,1.18855175789629,3.99255259037608,5.52318831092933,-14.4755555245392,-2.75998176150229
-4.52465010203468,1.49062199784347,3.83430054882582,5.3726141258127,-14.3084025386031,-2.50330313232672
-4.39856960369591,1.81143784900444,3.64327781748364,5.22453307954605,-14.0698162888256,-2.23148012362725
-4.25460264426169,2.14848288219462,3.42076636958237,5.08449117382074,-13.7637085106094,-1.95947975456097
-4.0917260086983,2.49923779770582,3.16838287466172,4.95580841740092,-13.3942038311539,-1.69250238890384
-3.90924993128355,2.86131124392107,2.88905526309063,4.84177603706127,-12.9655642875595,-1.4430784474453
-3.70714461842834,3.23240761313441,2.58441591051526,4.74370112031266,-12.4820651802003,-1.21884792862737
-3.48571499738549,3.61029469242345,2.25708121139699,4.66261656598435,-11.9480177377997,-1.02255672385182
-3.24592667690802,3.9927386381097,1.90902232959937,4.59854844940457,-11.3676454332417,-0.859384469714741
-2.98908013629913,4.37766688001862,1.54319339033957,4.55051676751135,-10.7451315586731,-0.732057200113226
-2.71648476095743,4.76294004099807,1.16125082623545,4.51726956361701,-10.0845204558661,-0.643289518228833
-2.43037056465418,5.14651469583935,0.765507705882708,4.49679576698115,-9.38969228969802,-0.593341293940128
-2.13261721351908,5.52631291786433,0.357305138163061,4.48632697164656,-8.66431365727402,-0.587346452164843
-1.82560034092465,5.90038494989474,-0.0613586592807779,4.48282816953181,-7.91178847714197,-0.623096723669786
-1.51157197653316,6.26677865126852,-0.488805186640532,4.48348854439626,-7.13520917947639,-0.703257002394631
-1.19288790330771,6.62344151253502,-0.923349439445031,4.48425787385668,-6.33740592496754,-0.830478250789002
-0.872039568092202,6.96835073114062,-1.36297362442643,4.48155920565301,-5.52099609633422,-1.00495268772175
-0.551588209144583,7.2993501619373,-1.80565244046436,4.47204699604218,-4.68840958707252,-1.23174101303958
-0.2341315097605,7.61415023331785,-2.2487012668902,4.451387974491,-3.84193871196476,-1.50611193287761
0.0776320757273999,7.91045826936652,-2.6887761916962,4.4164624273699,-2.98386154608014,-1.83308560361562
0.381001936653737,8.18591344246681,-3.12252589112542,4.3643891357074,-2.11656531126013,-2.20788721666889
0.673373959808786,8.43818466718834,-3.5459407708324,4.29252720093269,-1.24259642944439,-2.62816189002889
0.952339161001661,8.66510109546879,-3.95435399233226,4.19896625925157,-0.364832606784768,-3.08908901406693
1.21571709644742,8.86461971091175,-4.34374576787439,4.08228340921115,0.513443029476552,-3.58582602286049
1.46168688338312,9.03498830683787,-4.70911605827107,3.94203262430183,1.38837040092712,-4.10618143927027
1.68872262660652,9.17474547799944,-5.04578925449289,3.77776792502524,2.25526813053766,-4.64039175438387
1.89569156309974,9.28262276958441,-5.34974166133397,3.58977648317338,3.10900052013959,-5.17868313151636
2.08178917503167,9.35767474824779,-5.61695155019556,3.37810142767978,3.94383198427965,-5.70394778006611
2.24640903425333,9.39908323836936,-5.844377773058,3.14303051972248,4.75403923941915,-6.20640959873811
2.38927316786423,9.40615697210741,-6.02891855646624,2.88411918073547,5.53318015151333,-6.67141536332684
2.51017148243646,9.37829867924162,-6.16881315362165,2.60141256248326,6.27580589931081,-7.08677081320816
2.60909209053095,9.31487450879095,-6.2626977452487,2.29446899604794,6.9759971303091,-7.44274721762963
2.68602593879601,9.21534413740368,-6.30989884306972,1.96211673136396,7.629808869254,-7.73208631932124
2.74116239157336,9.07909780571116,-6.31043326948572,1.60440973161296,8.23331740039655,-7.95000372733108
2.77466141210788,8.90558664101166,-6.26474728399066,1.22018593451351,8.784087047161,-8.09663341392336
2.78681672501285,8.69429021278664,-6.1745954893735,0.809756100824841,9.28092622621304,-8.16969836991734
2.77818644432449,8.44478189565856,-6.0410529368098,0.373683470491444,9.72413132623129,-8.17428194278581
2.74936538122319,8.15679428785536,-5.86633846247632,-0.0864825417038805,10.1149969158487,-8.11793817093552
2.70127854961798,7.83028463732137,-5.65332498851889,-0.568450323216085,10.4565467474887,-8.00580062139629
2.63511629443856,7.46523968285473,-5.4042352951242,-1.06845344158117,10.7523095678864,-7.84790661713091
2.55230190707599,7.06203427152016,-5.12259529645532,-1.58271740857453,11.0072931142925,-7.6518622836737
2.45465458821429,6.62113845012892,-4.81095258435994,-2.10599520878672,11.2265145326873,-7.42283766069484
2.34419396265572,6.14321544513319,-4.47217837964081,-2.63279078220698,11.4149965192649,-7.17089181977969
2.22340049378449,5.62908936493606,-4.10946662091784,-3.15760560849006,11.5775193210655,-6.89875342107283
2.09505223900635,5.07971292338669,-3.72503017336263,-3.67616231474951,11.7181287506617,-6.61647591561458
1.96219171846554,4.49610264255423,-3.32075199038495,-4.18369619600174,11.8389120488942,-6.3243331135872
1.82838574574795,3.87933929095875,-2.89851093015857,-4.67764385952502,11.9412179300324,-6.02991908080015
1.69739865407192,3.23063355709595,-2.45953059601129,-5.1556892304504,12.0241903443567,-5.73593093149683
1.57345160548204,2.55129406567721,-2.00470579997381,-5.61771761377647,12.0857465942038,-5.44505374598912
1.46096043441031,1.84289087482065,-1.53492934454798,-6.06385992188887,12.1223351216666,-5.16240284338823
1.36463154279455,1.10738634638283,-1.05044182086054,-6.49571218166417,12.1294272659006,-4.89307882322755
1.2893295120737,0.347265850629084,-0.552136072656174,-6.91535560320223,12.1022541077739,-4.63972251349185
1.2399119110627,-0.43433180417111,-0.0409071203562857,-7.32486483923329,12.0358108108325,-4.40984216654019
1.22116166713385,-1.23345176231819,0.481369444123971,-7.72581628391782,11.9253498026523,-4.20115315318878
1.23749133645983,-2.04538901986796,1.01248817926944,-8.11992037733784,11.7676067086364,-4.01867915771689
1.29277772133803,-2.86468968689447,1.54991335052771,-8.50711348040766,11.5608040164062,-3.86497866512826
1.3900663873266,-3.68528304602221,2.08980164869002,-8.88633800314819,11.3046538046709,-3.73525840610644
1.53134169383307,-4.50077690116946,2.6283056703969,-9.25534624658665,11.0013365988706,-3.63447589445135
1.71739506502118,-5.30462290382821,3.16027192715044,-9.610700566503,10.6547687138184,-3.5553522648987
1.94753104459695,-6.09057514843513,3.68054533799724,-9.94821413083536,10.2718225677517,-3.49547635938615
2.21963245071151,-6.85288805265934,4.18397102392652,-10.2632212873651,9.86036949608486,-3.44997868675658
2.53012862877647,-7.58670935502913,4.66539615672407,-10.5510437433208,9.43025309866517,-3.41886281680793
2.87415995402812,-8.28824456426426,5.11999757443609,-10.8071636945004,8.9915742939988,-3.39479191323071
3.24571050067534,-8.95495330010381,5.54328357259309,-11.0275434670163,8.55517459282921,-3.37774968937138
3.63793678278574,-9.58565362824944,5.93174694201398,-11.2087494830742,8.1316532222343,-3.36038418541421
4.04336666677105,-10.1803682173735,6.28188899403097,-11.3480270366889,7.730140110803,-3.34511123186959
4.45432659503615,-10.7403423378859,6.59217490497146,-11.4433746961665,7.35975676557022,-3.32945622239257
4.86314088051774,-11.2677484121682,6.86107953999567,-11.4933984590393,7.02716876912138,-3.31338323400845
5.26236351347541,-11.7653964988676,7.08871598347533,-11.497507589556,6.73878090783876,-3.29196657572436
5.64530289543661,-12.2363825220433,7.27520618391038,-11.4558901920175,6.49853548570176,-3.26760710033923
6.00582952389315,-12.6836810076298,7.42198294507974,-11.3695616553895,6.30962039798047,-3.24025923869591
6.33889982486457,-13.1097412413197,7.53048564324255,-11.2406324838564,6.17300201488452,-3.20987303988378
6.64029762602593,-13.5161197063887,7.60281022905768,-11.0721846381365,6.08913480119363,-3.17150843066935
6.90702650709964,-13.9031881494554,7.64138185217175,-10.8686113804228,6.05551848357756,-3.1275516518939
7.13708258656439,-14.269920744678,7.64830171244806,-10.6352967267483,6.06914236123841,-3.07794243346514
7.32945471489399,-14.6139298709374,7.62567136294178,-10.3785873437874,6.12477718524732,-3.01773098765334
7.48405897231463,-14.9314085108549,7.57656850418182,-10.1052996617438,6.21571103529365,-2.94685199317517
7.60167266244386,-15.2177739923762,7.50211394131619,-9.82220221657159,6.33424178277987,-2.860353907349
7.68370501011118,-15.4677587123843,7.40505381127228,-9.53532702637607,6.47217005969284,-2.75817311524144
7.7321629850475,-15.6762277275032,7.2861756127996,-9.24947689166195,6.62080387923049,-2.63292084523558
7.74938887851309,-15.838638079198,7.14821651900827,-8.96788011533908,6.77242905330786,-2.48698733991725
7.73783036809633,-15.9514000681244,6.99195384505862,-8.69187075226641,6.91933612913518,-2.315441907135
7.70003864154835,-16.012237927116,6.81881073377398,-8.42115641983357,7.05528989494347,-2.11825026896326
7.6382106297925,-16.0203216548486,6.63118158833232,-8.15403836891931,7.17553216820404,-1.89783256861466
7.55438300805828,-15.9762350582447,6.42949994049278,-7.8878034778252,7.27605069271168,-1.65906222104641
7.45013790860546,-15.8818126038892,6.21582150945075,-7.61928787109966,7.35529015150108,-1.40437778339281
7.32673246986206,-15.7398777729881,5.99089235297166,-7.3450743629986,7.41195317952368,-1.14110996025988
7.18513101650443,-15.5539482517884,5.75610327054902,-7.06183654306877,7.44646522211565,-0.874149197366755
7.0260375393874,-15.3280710124399,5.51218687481975,-6.76653614645978,7.46097259926699,-0.608385734164695
6.85018898716527,-15.0662663007962,5.25986925891907,-6.45637587705285,7.45689672669929,-0.351149701603198
6.65819263308707,-14.7724602842746,4.99954461094471,-6.12889856643554,7.43737424688703,-0.104878851295845
6.4507869813893,-14.4501573186379,4.73127575805455,-5.78174409497572,7.40456641685009,0.123111610935366
6.22884207246639,-14.1023731570467,4.45609768277035,-5.41274822327167,7.36063325643914,0.332846612604949
5.9933597280181,-13.7316011540844,4.17341208151532,-5.01972377492365,7.30699792368157,0.521919598113172
5.74550630034946,-13.3398114718805,3.88391979023747,-4.6003640371934,7.24483300930983,0.685493407762495
5.48658019078632,-12.9285809779788,3.58766695572627,-4.15234175796784,7.17383721938168,0.826073669517647
5.21807699775243,-12.4990931759187,3.28437149341462,-3.67313958895204,7.09370010160503,0.938850436571146
4.94152655497855,-12.0524966826568,2.97537821362758,-3.16010065714756,7.00312416934158,1.0263571078612
4.65865563936115,-11.5897751925149,2.66040176313816,-2.61052826912251,6.90031337407919,1.08869761104679
4.37122484828284,-11.1120083670723,2.34045881143512,-2.02173699314172,6.78272919888231,1.12354613158194
4.08099572013863,-10.6204046476372,2.01656535811499,-1.39107953484016,6.64782440362266,1.13347678533595
3.78979554616261,-10.1163665067915,1.68941109324206,-0.716242528833926,6.49279976843478,1.11619132747223
3.49974494698615,-9.60139267590971,1.36033675083753,0.00494616616339871,6.31387257181641,1.07673438707437
3.21211732216272,-9.07711053571345,1.03068254553149,0.774123737519833,6.10847705849032,1.01039176050977
2.9291626260046,-8.54527579879593,0.701787974104034,1.59133926240334,5.87331160901203,0.922235763578086
2.65215241157079,-8.00760920630159,0.374991616093736,2.45663945902254,5.60531775276913,0.812466473300153
2.38235671716291,-7.46586117959958,0.0522822887468675,3.36860078918732,5.30217062099681,0.68129788105321
2.12136951811172,-6.92168098359418,-0.265004416298068,4.32408363240956,4.96179195135306,0.531401603648581
1.87013111398106,-6.3766161801697,-0.575209331691133,5.31896446436284,4.58332866030447,0.363020982947361
1.62892799097451,-5.83207952559168,-0.876350244284382,6.34691433564196,4.16568805153026,0.183742914488923
1.39902151551629,-5.28921819675094,-1.16709976463167,7.40086559534899,3.70973735671308,-0.00860470160804339
1.17971622164177,-4.74904369522977,-1.44613431750406,8.47154772664782,3.21683804307942,-0.206408506756019
0.971291815958134,-4.21230123343767,-1.71148318587785,9.54895575912006,2.68884553072061,-0.406929413691229
0.773049096340486,-3.67956722688646,-1.96248358191774,10.6218649283453,2.12908579335857,-0.604974914018789
0.584939046398015,-3.15098859000254,-2.19815225643625,11.6780789002518,1.54210970395789,-0.792901110379528
0.405608834437329,-2.6265433840995,-2.41783720583521,12.7054114345837,0.932469561748332,-0.965501906495421
0.23370557969067,-2.10587813989895,-2.62089215307756,13.6912024372547,0.305694137877487,-1.11268325840759
0.0688543649818502,-1.58834078480908,-2.8079795094322,14.623055737006,-0.332202480327227,-1.22679705245737
-0.0902957218864089,-1.07301374953035,-2.97846420447976,15.4895767784109,-0.975700848749577,-1.30264536124827
-0.245093694126609,-0.558812375098877,-3.13301952419086,16.2798884218706,-1.61904584057505,-1.3277125326318
-0.396234498038726,-0.0443554427403787,-3.27264949234285,16.9846121818247,-2.25698204458061,-1.29927205637335
-0.544084445278763,0.471610421115472,-3.39738537810561,17.5961158459336,-2.88548877360541,-1.20973207529741
-0.689658296594979,0.990437805891532,-3.50791417275702,18.1082715999359,-3.50080430480371,-1.05396861977501
-0.832664723302749,1.51315412310265,-3.60525251722811,18.5176789854745,-4.09991554554784,-0.829329494865139
-0.973786679368821,2.04055853119526,-3.68944337720444,18.8221993211403,-4.68153571198479,-0.535636668584437
-1.11240148143442,2.57305845331813,-3.76085898987259,19.022420770675,-5.24463812584954,-0.172744582572511
-1.24886147671828,3.1105389190721,-3.8202008681737,19.1201906415182,-5.78845547590917,0.259458437189195
-1.38286577926143,3.65249280208405,-3.86719685939619,19.1191012884351,-6.31345602350347,0.748835255185782
-1.51411230973795,4.19789075475983,-3.90255582645394,19.0239980869605,-6.82036484021841,1.29543336556576
-1.6432755348947,4.74548464210481,-3.92568773298558,18.8407311402558,-7.30991771579982,1.88461342374027
-1.77005231909497,5.29371700460074,-3.93763569278919,18.5756623563545,-7.78285939925882,2.50904120394696
-1.89511674371399,5.84094661034304,-3.93814449719929,18.2356610243844,-8.23994189969719,3.15647690172122
-2.01881735602397,6.38551442819793,-3.92826678531358,17.8276108007303,-8.68192283383384,3.80978111407121
-2.14117741637546,6.92585515472713,-3.90840867168994,17.3588940094764,-9.10858676660924,4.45913758567377
-2.26352382148048,7.46055976506594,-3.87963272612113,16.8366544721859,-9.52020996279125,5.08740137145055
-2.38588114639292,7.98840858456782,-3.84398341010781,16.2680377475212,-9.91560511896456,5.68476414446781
-2.50892626227711,8.50834880507406,-3.80188061888105,15.6601872338808,-10.293831189,6.23898771792631
-2.63333698885934,9.01948160318138,-3.75602814226511,15.0192633065272,-10.6532161636027,6.74029535813116
-2.76011778436641,9.52097093888727,-3.70750396045958,14.3511730920277,-10.9923345379487,7.17893362045309
-2.88994812337001,10.0120011237193,-3.65803975671073,13.6608348683925,-11.3092747855009,7.55250496104994
-3.02383384134013,10.491708285811,-3.60936875464193,12.9524202480738,-11.6023728184309,7.85619666486375
-3.16310683357589,10.9591769772034,-3.56322487613582,12.2293526188712,-11.869479732847,8.0901104054589
-3.30844741976588,11.4134237628524,-3.52069048635912,11.4933290415653,-12.1086955616964,8.2519327350091
-3.46216399401627,11.8534492251546,-3.48317300051904,10.7460302808117,-12.3186143771004,8.34670623144492
-3.62526042928921,12.2782801799766,-3.4514270745759,9.98765534630384,-12.4966149964546,8.37949701262403
-3.79938966767888,12.687015098755,-3.42718268135899,9.21789971082872,-12.6405724039979,8.35539050057545
-3.98620126560471,13.0788694444783,-3.41086414908406,8.4357125273255,-12.7486148044867,8.27704498423867
-4.1866888461025,13.4532046016823,-3.40386967402058,7.64027566096894,-12.8181478228576,8.15690312234026
-4.4021663692129,13.809511065664,-3.40629041926011,6.82978412909165,-12.8475662948445,7.99764208168354
-4.63361561970321,14.1473980118781,-3.41951575435611,6.00266989886059,-12.8350343066598,7.80682821819725
-4.88135950531957,14.4665143450001,-3.44297508602123,5.15760418494453,-12.7801967268988,7.59446982496625
-5.14571277740105,14.7665022487952,-3.47706906386917,4.29325531608417,-12.6827143635747,7.36324026641488
-5.42632988056916,15.046882309742,-3.52121467339455,3.4087794346493,-12.5439746979697,7.12313312377527
-5.72253021173608,15.3069745212859,-3.57417075341464,2.50357810084841,-12.3663588378394,6.87680027598833
-6.03329780298459,15.5457868373578,-3.63468959755418,1.57730006234733,-12.1532406554388,6.62687929665109
-6.35760678930955,15.7619625552281,-3.70021436168358,0.63008721070657,-11.9094738347769,6.37843562157737
-6.69376968027218,15.9537116663593,-3.7685085402396,-0.337179712648564,-11.6401680695315,6.12918969627085
-7.04008872482249,16.1188206840403,-3.83602829278376,-1.32385714265741,-11.3526405657199,5.88417597464056
-7.39453008955995,16.2546823276984,-3.90020391593994,-2.32782748756772,-11.05348065094,5.63864213253976
-7.75504952124635,16.3584069335536,-3.95683528263815,-3.34769708743017,-10.7509887275726,5.39759510140711
-8.11894083892845,16.4269438703533,-4.00269945644374,-4.38059671369327,-10.4537056652453,5.15870015334627
-8.48348755165776,16.4572715059235,-4.03359800494599,-5.42340270080309,-10.1704074765,4.91961183655213
-8.84628868953703,16.4465513768251,-4.04631329910225,-6.47249252515024,-9.91058817065174,4.68041965423829
-9.20363019817175,16.3922041218577,-4.03698160981238,-7.52276781456808,-9.68347624386719,4.44120654307671
-9.55243978505663,16.2919462223447,-4.00304930544805,-8.56765540689499,-9.49753960161083,4.199607328845
-9.88963573941676,16.143719147704,-3.941971320087,-9.59959795865588,-9.35950219467749,3.95325433693392
-10.2121270699047,15.9454686441924,-3.85218952762437,-10.6085911415645,-9.27336161031853,3.70222300942375
-10.5174649768204,15.695113070375,-3.73280777195483,-11.5826768132972,-9.23867557214902,3.44414777834631
-10.8028653886945,15.3906422015431,-3.58522063178223,-12.5089262697742,-9.25129407778042,3.18155295422901
-11.0658601652605,15.0304767160571,-3.41050669055214,-13.3744243498891,-9.30360546436717,2.91940932918237
-11.3029939733904,14.6139578227802,-3.21170744954435,-14.167009432609,-9.3857617991248,2.66757406024758
-11.5111274223518,14.1415107009889,-2.9915453117132,-14.875768824354,-9.4871498898041,2.43589881753371
-11.6851575039362,13.6150027209751,-2.7527474177178,-15.4932433081757,-9.59835107142242,2.23666567067429
-11.8212762416917,13.0371237107368,-2.49836961025747,-16.0139654329488,-9.7104128942234,2.08213565703993
-11.9146918301826,12.4112217531081,-2.23081752440656,-16.4347064965159,-9.81509727885591,1.98453970888645
-11.9619102160991,11.7406175903686,-1.95217101278768,-16.7544779776869,-9.90439518824432,1.95606923857848
-11.9591076307692,11.0284729147547,-1.66418322648007,-16.9737989136955,-9.97150661346484,1.99909587378429
-11.903760377364,10.2778218169788,-1.36828001977517,-17.094206855275,-10.0088884620243,2.11838194456803
-11.7930169828633,9.49163508007504,-1.06653671042581,-17.1192340845646,-10.0104555196125,2.32107542736509
-11.6243506106478,8.67321036592342,-0.760048918504127,-17.0536729097315,-9.97036070324542,2.60204670082996
-11.3955601085465,7.82613890371356,-0.451212390591539,-16.9030846784478,-9.88397361994974,2.96343090410607
-11.1050967540736,6.95453262212938,-0.141116600930033,-16.6757512073177,-9.74739278392463,3.39996732265706
-10.7520650932561,6.06286016609764,0.16784969552296,-16.3794949426509,-9.5574460020522,3.90388483374532
-10.3355722081793,5.15601070331259,0.47330210909155,-16.0236292772008,-9.31169043671352,4.46734608679728
-9.85700843273008,4.2390969265655,0.77253585933998,-15.617976802508,-9.00719106930523,5.07512069421391
-9.31809272551545,3.31716022538653,1.06285265519775,-15.1713988172257,-8.64296377269536,5.71680461396619
-8.72087219562927,2.39539703008731,1.34091056381344,-14.6935011035836,-8.21704342094393,6.3746091510602
-8.06967577519944,1.47883137457964,1.60435421254176,-14.1924309842934,-7.72965963895897,7.02581112390579
-7.36827887440421,0.572476091226676,1.84986178856454,-13.67585090913,-7.18152594278578,7.65497715089199
-6.62195398216171,-0.318896855058699,2.07542675219397,-13.1502025231904,-6.57383867734422,8.2393133501229
-5.83603555626489,-1.1906928059515,2.27905612210712,-12.6197273168283,-5.90876445094304,8.75600441604374
-5.01643918826966,-2.03872392219377,2.46007431998588,-12.0879314654475,-5.18895010936044,9.1822251111558
-4.16933374278788,-2.85934079131072,2.61814633272978,-11.5556314093307,-4.41581137428097,9.50247995663512
-3.30123685297249,-3.64966145280474,2.75360346487563,-11.0221767567942,-3.59075393652874,9.69151156090932
-2.41865432154473,-4.40770226405793,2.86679165644553,-10.4847200664537,-2.71502704020193,9.72897133101383
-1.52784990324418,-5.13241051134777,2.95969968874433,-9.93944227921665,-1.78955310867412,9.59943151155723
-0.634061687079198,-5.82327306207723,3.03432939583849,-9.37960338579704,-0.817469268935532,9.28995172230386
0.259052693339105,-6.47946880083456,3.09302006072473,-8.79774775376713,0.194969096803836,8.7925298930073
1.14990444093049,-7.10051960538181,3.1394239948262,-8.18473460272838,1.23782893046084,8.10655052932978
2.03903693811241,-7.68466144146235,3.17687569032702,-7.53096821278262,2.29821288357327,7.24122841131214
2.92814520178961,-8.2291707257379,3.20871535114729,-6.82787288758129,3.36195188878929,6.21560316705044
3.81902925626101,-8.73036593690295,3.23698402913954,-6.06692472012434,4.41603138550589,5.05119945404503
4.71186343947266,-9.18458720938602,3.2627481906694,-5.24332457917201,5.45023493409992,3.7768993311581
5.60385774584804,-9.58787338222521,3.28512231171571,-4.35331773839801,6.45805283878962,2.41182629690319
6.48834483040807,-9.93759359128414,3.30289844370414,-3.39664259922314,7.43665970646272,0.987319613985578
7.35429341411537,-10.2324496354893,3.31226783942135,-2.37555747919414,8.38649836713211,-0.484837810456263
8.1864113614297,-10.4728032151501,3.31008121499787,-1.29508721811126,9.31059506679469,-1.99043813090385
8.96609896900698,-10.6606764257259,3.29189760545585,-0.164489406349637,10.2135661557983,-3.52262271499646
9.67302383731371,-10.8017052627947,3.25361678307707,1.00225930794634,11.1002791645562,-5.07699450966088
10.2872184985091,-10.9012282175236,3.19213443963223,2.18671302019066,11.9739164742918,-6.64917079670817
10.7913735933331,-10.9652605142843,3.1046939622086,3.36596533330485,12.8337227573797,-8.23233570583985
11.1724781424436,-10.9985368317294,2.98954079713341,4.51437129406734,13.6733942327979,-9.80990925010697
11.4231314117789,-11.0038578768581,2.84657618068061,5.60771406900405,14.4807497619269,-11.3555518210359
11.5417437879493,-10.980787217526,2.67768404833985,6.62468373591081,15.2390883366725,-12.8380616421708
11.5318545373773,-10.9289102866673,2.4847767824213,7.54933108929397,15.9295932143578,-14.2262762210672
11.4011206667722,-10.8458825307522,2.2714236062729,8.37058648110712,16.5339333088008,-15.4839594165283
11.1600102371017,-10.729713012118,2.0412210151216,9.08226384439281,17.0362294062621,-16.5847224858726
10.8209176169025,-10.5797450857269,1.79811741587087,9.68208441111985,17.424041804683,-17.5071529564522
10.3969848057675,-10.3953563424906,1.54576056632235,10.1697209462244,17.6884764120579,-18.236779811976
9.90180212734084,-10.1769384031945,1.28879943432994,10.5465509399045,17.8240199687039,-18.765835943031
9.34904395661802,-9.92459626190253,1.0315798786279,10.8149206042907,17.8280801713212,-19.0920394585346
8.75220251005296,-9.63945343566093,0.777817652094276,10.9771645050539,17.7008661902682,-19.2168834106868
8.12487576139613,-9.3220253112215,0.53320304184079,11.0360914113056,17.4451456035546,-19.1463664410815
7.48050183735615,-8.97254720328851,0.301815973539332,10.9944933449793,17.066122203835,-18.8890342733292
6.83245191124589,-8.59227982430232,0.0893816377357379,10.8553880206324,16.5712637756409,-18.4559745191207
6.19392776465543,-8.18155727834516,-0.09966322626603,10.6225059366943,15.9700310922676,-17.8612991678342
5.57740345775474,-7.74272115965139,-0.260869299419178,10.301265963458,15.2731907582686,-17.1201831581104
4.99409998231088,-7.27881935185982,-0.389776551583063,9.897551753227,14.4923718851386,-16.2508112657542
4.45346066242589,-6.79425849391826,-0.484196083281838,9.41990790535938,13.6392562293429,-15.2721710347243
3.96230196542994,-6.2938270896864,-0.542256530805185,8.8770934889723,12.7253305514892,-14.2055097171657
3.52468251882459,-5.78399818644865,-0.563707271633717,8.27929968084137,11.7617372208269,-13.0691949759201
3.14190417082297,-5.27129965924136,-0.550569230445057,7.63619118962132,10.7595406463695,-11.8870126686935
2.81297075332696,-4.76133585434855,-0.50517868014296,6.95690243695779,9.73018941292312,-10.6781410656023
2.53534133964465,-4.2604154184942,-0.431813521566164,6.24979009028544,8.68592941843305,-9.46178453061367
2.30578200252062,-3.77261899986699,-0.334410064349363,5.52169782610492,7.64014318016829,-8.25716623836651
2.1210874425948,-3.30273091141692,-0.217537078925444,4.77868794546537,6.60719971382018,-7.08107813744355
1.97863937489012,-2.85363356093395,-0.0863924582460013,4.02604087164656,5.60230353683852,-5.95031780429307
1.87663841846801,-2.42858848767231,0.0548289061913129,3.26898806077209,4.64104970626769,-4.8792396992226
1.81417217102007,-2.03058582706533,0.201960917334896,2.51246788946812,3.73895382860438,-3.87486528321792
