-6.18848142874892,0.32564736304014,-1.92826434902736,-2.37595799926707,1.80475583518058,0.484429263510703
-6.37866173820605,0.30050748223283,-2.14741418917571,-2.95257872338436,1.98410372186527,0.773962551564527
-6.58077192746737,0.266051968586036,-2.36735406664408,-3.48060531454355,2.15581500198473,1.05958617513335
-6.79924640713326,0.215326646542536,-2.58367847818738,-3.95688956182788,2.32658493385698,1.33176839277006
-7.03951373804953,0.143028924711706,-2.79100021536514,-4.38273879683851,2.50110026541872,1.5834209121049
-7.30310682485041,0.0454917860699866,-2.98588422599192,-4.76220239966526,2.68257249033526,1.80745977133945
-7.5945005349228,-0.0792356658652522,-3.16294065268357,-5.10060075825513,2.87244176110247,1.99925157332206
-7.91524519474152,-0.231494477873793,-3.31873583262302,-5.40403060297396,3.07140115562681,2.15173014396242
-8.26591850717487,-0.410054799392169,-3.45179365606344,-5.67789297883316,3.27939555721116,2.26517100308197
-8.64416980865736,-0.6123903619938,-3.55966434637552,-5.92664332350428,3.49488825102314,2.33497679312203
-9.04862864096725,-0.834983093681593,-3.64283343888871,-6.15280971784414,3.71534990614988,2.36389294243942
-9.47401888943861,-1.07368695194565,-3.69983516967607,-6.35894395968986,3.93799251739616,2.35223431274252
-9.91604620694809,-1.32403346377102,-3.73116093817008,-6.54542031637374,4.15854939103881,2.30276971163018
-10.3684680879965,-1.58160577291328,-3.73535000691939,-6.71287707246293,4.37323164211095,2.21827690871858
-10.8250505147736,-1.84219758470699,-3.71387527512717,-6.86050553175125,4.57726463331746,2.1015405083926
-11.2805473989169,-2.1019914028073,-3.66527938039607,-6.98800417212101,4.76586780883725,1.96023525789085
-11.7287479930179,-2.35759961819184,-3.58908369690541,-7.09411283816652,4.93523456849988,1.79959261566593
-12.1634561267676,-2.60615408193719,-3.48383443660022,-7.17832318084265,5.08082456784958,1.62239724107187
-12.5784923593633,-2.8451900819167,-3.35003488047683,-7.23941321108798,5.19932061536696,1.43631336385145
-12.9706272538657,-3.07265702918426,-3.18623689875023,-7.27569235775929,5.28716507973906,1.2441090850427
-13.3337189630494,-3.28678228886892,-2.99295051867738,-7.28646832373767,5.34227203861323,1.05098285338537
-13.6645777277084,-3.48597391446873,-2.76873574925642,-7.27033789061909,5.36183027156622,0.857232363324276
-13.9580806652788,-3.66891869962244,-2.51508950462013,-7.22665382340532,5.34474799213079,0.665582966438722
-14.2120586626092,-3.83428925165905,-2.23253696748906,-7.15430446299056,5.2896997444975,0.476301067274572
-14.4233876941796,-3.98093966550129,-1.92160910527148,-7.05342498415079,5.19634911530892,0.287194636618199
-14.587989258049,-4.10761260558753,-1.58675146897517,-6.92417670864358,5.06437256308013,0.0960582410719226
-14.7047399493231,-4.21323278188462,-1.22850551218439,-6.76796918558145,4.89492610104253,-0.104209767013768
-14.7715625593429,-4.2969072531799,-0.850348801464902,-6.58623885391655,4.6889356722965,-0.310945316965185
-14.7883574682425,-4.35773026686773,-0.457716667269069,-6.38215898978751,4.4485633546059,-0.533703543970355
-14.7530934101358,-4.39517442948795,-0.0531142237192543,-6.15917304927745,4.17647448532639,-0.769824397400835
-14.6676704536083,-4.40879774456298,0.358021730652158,-5.92172629263154,3.87608166688626,-1.02397481683705
-14.5320555889189,-4.39834150094242,0.77123352775753,-5.67453117440807,3.55203265894452,-1.29593107775669
-14.3491675700902,-4.36343730205382,1.1820674352212,-5.42354244326303,3.20874339972898,-1.58546315018142
-14.1209662578828,-4.30409592216264,1.58509847312568,-5.17424444835863,2.852106770851,-1.8923337106907
-13.8513822442896,-4.21982810829472,1.97686422236248,-4.93286997356062,2.48778067272541,-2.21141180445236
-13.5433828508075,-4.11013375064785,2.35195785000448,-4.70517585235489,2.12240751344374,-2.53756070391143
-13.2019013235181,-3.97450265450126,2.70791617652699,-4.49668446688756,1.7623903634426,-2.86564045023277
-12.8309023512651,-3.81222003091227,3.04131214956774,-4.3121925515848,1.41413487712997,-3.1929529199598
-12.4353336821847,-3.62256309392034,3.34971050053646,-4.15625747730722,1.08429117864424,-3.50702926934338
-12.0181918270317,-3.40499779841425,3.63264574502477,-4.03246224650244,0.778529908714406,-3.8027364542067
-11.5834516254249,-3.15937556983787,3.88869063115036,-3.94365809929964,0.502761533164668,-4.07006668957256
-11.1370409663742,-2.88603217189735,4.11741076447914,-3.89220746745462,0.261668424581815,-4.30635697581396
-10.6819516850478,-2.58578863872409,4.32229567802557,-3.87900575798681,0.05919180019393,-4.50163427992588
-10.2211691021143,-2.26014738559236,4.50391653476219,-3.90421385941633,-0.100736732154118,-4.65327805024289
-9.75767037495455,-1.9113902268985,4.66578788217622,-3.96701391157762,-0.215662240319714,-4.75380848122013
-9.29344572361067,-1.54238280792648,4.80850270466452,-4.06585409611966,-0.284362830337894,-4.8031050348846
-8.83145146351572,-1.15618329957587,4.93657148822764,-4.19820521596251,-0.30562829997115,-4.80107859626485
-8.37169989147005,-0.756237287031685,5.05353375641729,-4.36129483287308,-0.279725979253918,-4.75255699632914
-7.91419068686617,-0.346279340285398,5.16000158858357,-4.55162004869848,-0.208400162556047,-4.6623965463252
-7.45695698044814,0.0701563794416278,5.25952186874394,-4.76617046568292,-0.0931608703398812,-4.5354790948094
-6.99899807894184,0.489443657266561,5.35564283896104,-5.00145220234933,0.0630072294199167,-4.38159456914207
-6.53832609538401,0.90796261224013,5.44995769756888,-5.25397767500978,0.256135112743101,-4.21054941360806
-6.07001327710494,1.32258887756486,5.54503495004424,-5.52051095227714,0.482492969687236,-4.03216039715017
-5.59205795384272,1.73000993552768,5.64343976782048,-5.79757998716352,0.737370713510224,-3.85136330543121
-5.10147769048383,2.12731177762743,5.74480120162879,-6.08196596123118,1.01556886176948,-3.6828663993313
-4.59431138704902,2.51188135441046,5.85265207932665,-6.37021528601486,1.31188960618455,-3.53159954440968
-4.06669693635549,2.88150424608519,5.9656330149015,-6.65937301553151,1.62089493223784,-3.40248229986073
-3.51692590609367,3.23426667209749,6.08530993310409,-6.94600597645406,1.93690906098681,-3.30286402362916
-2.94192745441547,3.56904356132475,6.21128759318127,-7.22693606180595,2.25426524933501,-3.2327487838767
-2.33971341521635,3.88510673590334,6.34218680994988,-7.49948477477143,2.56730826931665,-3.19212412004656
-1.7085984311595,4.18212367866195,6.47662234012703,-7.76049606203579,2.87088538459732,-3.18584693274644
-1.04769017470444,4.46025377085178,6.61222657304928,-8.00706935949125,3.16034842697535,-3.20409914782485
-0.356792906206089,4.71956028479618,6.74662798484648,-8.23680393452187,3.43179978680451,-3.25170692945437
0.363493904992465,4.96000874944713,6.87549838040187,-8.44657730190845,3.68184936911078,-3.31638280286954
1.11148196583621,5.18117234564645,6.9954868408609,-8.63376687196558,3.90834829691028,-3.40048894869427
1.88458971256888,5.38193767436449,7.10422171937412,-8.79551717974646,4.10916766808959,-3.49416606914118
2.67924524615159,5.56050424483835,7.19640366818117,-8.92874016152545,4.28366430399791,-3.59488135259262
3.49088755678644,5.71448227894646,7.26967143489292,-9.03133701454186,4.43194711430708,-3.70010180198297
4.3145545771761,5.84089335553319,7.3206949261798,-9.10024398974521,4.55389874882007,-3.80241007709817
5.1443966494416,5.93666013518499,7.34810839954143,-9.13338724902575,4.65039591857348,-3.90416502127407
5.9746561354254,5.99851004816746,7.34957991414278,-9.1284616846316,4.72233071318241,-3.9979578713774
6.79947440935924,6.02356320019391,7.32572094293072,-9.08415268138616,4.7701205518118,-4.08615794228128
7.61318739566393,6.00972471184609,7.27520035949128,-8.99891464705696,4.79517271078538,-4.16381142791274
8.4104255236167,5.95549038287755,7.19904428202736,-8.87219250605962,4.79768425415081,-4.23574253903045
9.18670198374202,5.86053371296383,7.09750862473302,-8.70344423734586,4.77810693030381,-4.29700777267763
9.93782787672334,5.72541284976816,6.97173987796416,-8.49287340929583,4.73665786388815,-4.34999708431788
10.6600111306906,5.55157015353939,6.82260185745627,-8.24094000110558,4.6735632928248,-4.39221796195189
11.3501506113599,5.34123355940555,6.65096833809226,-7.94787120287216,4.58856958854201,-4.42118166397646
12.0052504646867,5.09721980716529,6.45762495193562,-7.61512666596917,4.48143177128821,-4.43928948647044
12.6224207415159,4.8229327937207,6.24356205590994,-7.24368755692888,4.35191356659971,-4.4391743236772
13.1988780951945,4.52148228452818,6.00938817490121,-6.83527728790309,4.20003178508382,-4.42080395707498
13.7315557511131,4.1962685680463,5.75581856835985,-6.39138346928661,4.02507926933402,-4.37926729770377
14.2171047110695,3.85019914248563,5.48377296280845,-5.91399002451905,3.82684683884295,-4.31210546698109
14.652383914935,3.48607834953613,5.19418007253831,-5.40508774574551,3.60464657159305,-4.2144280218444
15.033778018069,3.1060201332593,4.88846610248337,-4.867162014512,3.35780111633131,-4.08624430288695
15.3577859587826,2.71164305454563,4.56816357007632,-4.30270320122092,3.0858888281092,-3.92269281436714
15.621414307964,2.30407035325874,4.23539942675497,-3.71396142393431,2.78801175787904,-3.72625814593307
15.8219842956043,1.88393046115378,3.8924056993106,-3.10392289060357,2.46352969569209,-3.49211359156853
15.9577205520026,1.45126026081978,3.54210481751945,-2.47508738315937,2.11181708607909,-3.22766631324541
16.0281440720361,1.00589739762554,3.18761965193556,-1.83044453502914,1.73299710402133,-2.93545388053038
16.0341713989783,0.547482001792372,2.83227190166429,-1.17225141860829,1.32720970912687,-2.6155857591243
15.9784084757172,0.0759471681760204,2.47918947450816,-0.502764834904835,0.895345396035747,-2.27551475261123
15.8655412189866,-0.408576932195104,2.13159789696381,0.176247677383415,0.439534234296579,-1.92270450531945
15.7019431480986,-0.905272770453871,1.7920368234019,0.863263646932455,-0.0378314972865804,-1.56218233598088
15.4958682076199,-1.41253643344641,1.46274944659839,1.55773831204214,-0.533853441774919,-1.19897931559905
15.2567630195862,-1.92797681514247,1.1449972843794,2.25863812909011,-1.04488356998272,-0.843012983541986
14.9950669134287,-2.44831762011744,0.839645777628091,2.96639430741609,-1.56701385364768,-0.496867912467275
14.7216204849319,-2.96998389919871,0.546773027009928,3.68021420651113,-2.09632179198267,-0.16312292264731
14.447073895926,-3.48851628296507,0.265669837421167,4.40027889500681,-2.62813883654676,0.150764394517095
14.1814907151759,-3.99896289365018,-0.00545285539302864,5.12578746717226,-3.15900623048919,0.449560613195291
13.9338544245579,-4.49607619689223,-0.269169593762895,5.85593322527347,-3.68472168958281,0.72826809102658
13.712357246968,-4.97451007360764,-0.529034005792386,6.5891699913306,-4.202050584668,0.986783607911371
13.5238100246047,-5.42852846631334,-0.789185485137733,7.3232117359299,-4.70774950595327,1.22989760439935
13.3737368256369,-5.85278913488274,-1.05434626648282,8.05576552489846,-5.19905543641567,1.45751921980046
13.2663725184587,-6.24224784705519,-1.32903641064662,8.78379885803756,-5.67319755473528,1.66956098237851
13.2045632736789,-6.59235556580009,-1.61757055275038,9.50378459932958,-6.12764189551578,1.8708235979619
13.1897654503274,-6.89915769224771,-1.92405474030697,10.211946273567,-6.56058016230234,2.06122128365987
13.2220451418653,-7.15949072285882,-2.25150398541047,10.9042592890339,-6.96946396889873,2.23822410219048
13.3003714839778,-7.37010373956787,-2.60252380416773,11.576940885688,-7.35247090002603,2.40663012141826
13.4228126712832,-7.52834347167374,-2.97881944850271,12.2264513952039,-7.70850453827838,2.56390571451183
13.5866345327564,-7.63137357313031,-3.38129187117058,12.8492510922372,-8.03572846388035,2.71240041581524
13.7883016003818,-7.67656677331726,-3.81013410105172,13.4422898920374,-8.33352061375673,2.85201706689551
14.0238692099149,-7.66140863739521,-4.26443941580862,14.0034967377337,-8.60100714657925,2.98021176097037
14.2890824138441,-7.58398778007047,-4.74288488362389,14.5308027363403,-8.83803923829002,3.09932358468446
14.5789862454065,-7.44260659834258,-5.24304712032058,15.0228742201928,-9.04421533757009,3.20924485114021
14.8884155329777,-7.23646693699771,-5.76198882577883,15.4781355071452,-9.21888078670005,3.30742112889781
15.211605229366,-6.9658668870092,-6.29586844392253,15.8959903118247,-9.3618605456719,3.39618106659634
15.5423871648547,-6.63200627429117,-6.84033194910455,16.2755998835016,-9.47174904693692,3.47052150361568
15.8740937664102,-6.23728033640933,-7.3901231996897,16.6161270148457,-9.54737654125651,3.53032452885618
16.199559677455,-5.7854751238888,-7.93986728040102,16.9169801625335,-9.58707703697264,3.57791505055301
16.5112213210996,-5.28137593720239,-8.48338822502614,17.1778132223466,-9.58991085389431,3.60828865298804
16.8015097828783,-4.73096154240895,-9.01459052994042,17.3985252173178,-9.55419987514531,3.6237714236355
17.0625597068522,-4.14071841869795,-9.52755889065173,17.5797484163156,-9.4792389298074,3.61936273308248
17.2867977564358,-3.51763881785898,-10.0163646413295,17.7218704031992,-9.3650524770748,3.59983781482046
17.4672377707767,-2.86853473880294,-10.4759469488995,17.8260105171909,-9.21190661632582,3.56508875063127
17.5973847266502,-2.20003618267832,-10.9013323757941,17.8927974461627,-9.02055385852332,3.51501028069289
17.6716269673618,-1.51800349488261,-11.2882222984165,17.9231013682101,-8.79272194122356,3.44950048227738
17.6853347936004,-0.827624381149779,-11.6326028409605,17.918033180565,-8.53038072850453,3.37578933041517
17.6346653736762,-0.133413854732188,-11.9308432260743,17.8777222860209,-8.23525333677579,3.29133540981189
17.5167580883157,0.5608829109333,-12.1795008545216,17.8020492931926,-7.90979316906868,3.19848435116003
17.3294408394446,1.25199624468745,-12.3751264048343,17.6908904356679,-7.55596215763071,3.0995825584141
17.0715223209493,1.93673951702616,-12.5144599473999,17.5431407329481,-7.17645212838286,2.99697616937205
16.7421067622333,2.61190969703496,-12.5944317126411,17.35793632465,-6.77273030779731,2.8905674270471
16.3409834873022,3.27438331018685,-12.6119675344869,17.1339225796215,-6.34723833793333,2.7851434250537
15.8682346014357,3.92023527813275,-12.5643807801325,16.8692554411693,-5.90143817551474,2.6781600993788
15.3240381617675,4.54512855164296,-12.4489826160082,16.5623360212927,-5.43727850406701,2.57195811243951
14.7086669888137,5.14402015535701,-12.2635719146583,16.2115680493726,-4.95621822871498,2.46643397174005
14.0219014865142,5.71135634876188,-12.0062411650997,15.8148711690676,-4.45971599687701,2.36148349891818
13.2633225055518,6.2405843223645,-11.6751824918988,15.3711488360227,-3.94923126614998,2.2570026740134
12.4316276426815,6.72493493483693,-11.268787070991,14.8783359321812,-3.42695821751126,2.15288846120164
11.5249256188456,7.15683789017681,-10.7860378825362,14.3355997527216,-2.89411653781719,2.04903962010314
10.5409337736144,7.52851017564453,-10.2258276476869,13.7421205504459,-2.35315120681566,1.94291490463257
9.4769808396207,7.83186096011387,-9.58774282262068,13.0970935800828,-1.80602318981793,1.8393062348557
8.33020584354373,8.05898323746769,-8.87216354833888,12.4007083972011,-1.25640873084507,1.7332373569687
7.09824612361545,8.20166861271217,-8.08026571640907,11.65317351744,-0.707256360955721,1.62950939152149
5.77963231836693,8.25229057952498,-7.21451138481357,10.8564281761637,-0.162985458520819,1.52315689814531
4.37418316034353,8.20351533554232,-6.27913863457311,10.0121890543163,0.371491751301755,1.42143604033867
2.88291127046973,8.04869680777048,-5.27986883667991,9.1236613480173,0.890527312862647,1.32183610115639
1.30929643193106,7.78217399879213,-4.22468792617924,8.19553907805826,1.38822808119903,1.22429527974407
-0.341298900293421,7.39956817669357,-3.12345383172976,7.2327831473431,1.85845803019614,1.13120150821138
-2.06094485467917,6.89837283425865,-1.98799130010236,6.24233053046377,2.29508514772717,1.04494870059849
-3.83894940521921,6.27795664983097,-0.831892344978282,5.23113816630197,2.69320554343096,0.963050385827456
-5.66156760993532,5.54024963197129,0.329782188734811,4.20764663392451,3.04792418431378,0.890355461997365
-7.51220134441792,4.69013487220649,1.48129061346844,3.18104440506613,3.3558227402185,0.824389412971536
-9.37248027087493,3.73544788489819,2.60611955327246,2.16077581348047,3.61471670810666,0.770012610956932
-11.2215852702795,2.68736514345006,3.68787082574779,1.15604881622577,3.82438889718703,0.727204066188365
-13.0358667927698,1.56020441184099,4.71056218975148,0.177052701476608,3.98536757542462,0.700832471695329
-14.7936437835976,0.371418591396429,5.65922117133116,-0.766756244507667,4.09965842378224,0.690882433761779
-16.4713055074166,-0.859291756123403,6.52155323759316,-1.66641459638905,4.17025431833302,0.702225358089585
-18.0511397207444,-2.11076957750568,7.28648180667352,-2.51345577567507,4.20113313790694,0.739730687754937
-19.515477993645,-3.36129110236386,7.94649834728149,-3.30137952360641,4.19725505217079,0.800934401241169
-20.8515890430261,-4.58994447633319,8.49903325170909,-4.02418905190017,4.16382647767052,0.888254055583514
-22.0526606450708,-5.77800778036521,8.9454785693923,-4.67785933871749,4.10605255447165,1.00410151840713
-23.1158464595437,-6.90983695646728,9.29216237659021,-5.26107152366427,4.02937829995094,1.14599551989105
-24.0412875376249,-7.97453320973316,9.54936580922173,-5.77325875300142,3.9399739429675,1.31389095087578
-24.8379715491107,-8.96975650580517,9.73326869004023,-6.21949120108303,3.8430214013941,1.50529299730501
-25.5110219233532,-9.88843445039903,9.86300575721907,-6.60094569019039,3.7441769590563,1.71525826041587
-26.0714627685259,-10.7358614394251,9.9528357189848,-6.92565249029822,3.64785815692765,1.94372548139351
-26.5303470469693,-11.5190404013324,10.0179930497669,-7.20238307074284,3.55699717857812,2.18818658126091
-26.898747530131,-12.2463802415013,10.0697916623075,-7.44113263771874,3.47377237437135,2.44612993893119
-27.1877481899718,-12.9263177672311,10.1156169204391,-7.6514036229968,3.399118972055,2.71504094313245
-27.4055048081729,-13.5661352587398,10.1559895723722,-7.84195532285838,3.33224065480057,2.99484503705132
-27.5582163572992,-14.1715607664263,10.1904283965827,-8.0200657250059,3.27232073862038,3.28057829062725
-27.6520751753254,-14.7464674420344,10.215497137058,-8.19152734447504,3.21845013983805,3.56727481978029
-27.6903320624474,-15.293062891177,10.2277388385498,-8.36039996968461,3.16972628353783,3.85241153622381
-27.6752490215348,-15.811786707885,10.2227018807272,-8.53023029145721,3.12576714509993,4.13346569070483
-27.6080987569557,-16.2980828166673,10.1949437322652,-8.70282923608495,3.0862721644994,4.40058719207425
-27.4901420391119,-16.7523657832599,10.1448747075009,-8.88169150598263,3.05209742162263,4.65126024541585
-27.3216510184837,-17.1665340516308,10.0699643194574,-9.06881858903902,3.02315441507423,4.87809052833667
-27.1009333531771,-17.530812386425,9.96572037675939,-9.26618373880807,2.99960702824693,5.07857980560992
-26.8272661046114,-17.8333655088192,9.83253189593497,-9.4747541830756,2.98138281217704,5.25024112980059
-26.4969896102422,-18.0608904509512,9.66687545681827,-9.69571227708187,2.96807519095963,5.38571419277248
-26.1103512321753,-18.1996987211128,9.46913443576931,-9.92898940536025,2.95891913213689,5.48742559766119
-25.6656445273698,-18.236603583342,9.23969066391584,-10.1742432682145,2.95284030620949,5.54804504799351
-25.1611664295678,-18.1603934785476,8.97892431416543,-10.4296368214075,2.94857770309977,5.5749164479015
-24.5971745654353,-17.9623272414461,8.68623681348415,-10.6930607993134,2.94468420852013,5.56074019817046
-23.9768661141654,-17.6367255511942,8.36298277345012,-10.9614021669921,2.93986924557715,5.51288994788713
-23.3005151878828,-17.1810719873613,8.0095381779771,-11.2310344900056,2.93299928970555,5.4314231396167
-22.5732913023018,-16.5965029951791,7.62823167525966,-11.4975757698147,2.92326921428151,5.32129407960147
-21.7984184645483,-15.8867323071099,7.21650396086552,-11.7571123107014,2.91034893044512,5.18013723784043
-20.982060465648,-15.0584395087206,6.77668085487418,-12.0052237637561,2.89430980156601,5.01781043043795
-20.132341693713,-14.1199958797163,6.30815579660078,-12.2377183278891,2.8757461365283,4.83196148925161
-19.2544583022929,-13.0811664989777,5.81129927100916,-12.4506349482457,2.85550543827854,4.63001430570297
-18.3565392338047,-11.952714048328,5.28550529487345,-12.6407338443206,2.83466269578073,4.41206547755052
-17.4457344893474,-10.7454160439316,4.73114695201521,-12.8042766615446,2.81427463754765,4.18554074320823
-16.529189357913,-9.4702548846707,4.15055421280843,-12.9389824586354,2.79510954273916,3.94809173848311
-15.6130644900025,-8.13753329623943,3.54312805316225,-13.0420744375933,2.77752379955984,3.70469705678612
-14.7035107249706,-6.75726070801804,2.91315857799217,-13.1115025538919,2.76128989453681,3.45544619957613
-13.8027585650458,-5.33846528710461,2.26200668055057,-13.1461886197628,2.74552252323845,3.20286826631384
-12.9169351066078,-3.88977701993476,1.59396673934717,-13.1452937190659,2.72867845682489,2.94948825565418
-12.0462909012622,-2.41864330901947,0.913333688931621,-13.1077298333332,2.70863017113147,2.69049813436235
-11.1920410169089,-0.931717975510062,0.224401294257814,-13.0336259007117,2.68276433926123,2.4308597892444
-10.354411737498,0.565335355982926,-0.468539516545119,-12.9235947120585,2.64808069980785,2.16820367383024
-9.53264193053873,2.06764831992389,-1.16120228338982,-12.7777553162312,2.60131566892471,1.90260194774914
-8.72498501295333,3.57173394563422,-1.84832959079903,-12.5969543205513,2.5390661960248,1.629241419624
-7.92871153508187,5.07470391647385,-2.52760364449731,-12.3817884192758,2.45784051320689,1.35308383756404
-7.14011241020391,6.57465788955806,-3.19378411538342,-12.1330928364306,2.3542311752115,1.07176451224524
-6.35547986538703,8.07009506698591,-3.84457288056644,-11.851208425274,2.2249904469886,0.782922866506833
-5.57208832789543,9.55971633587937,-4.47768310884131,-11.5362263539264,2.06713013874406,0.486647803951169
-4.78722042017228,11.0420308944839,-5.09181659036453,-11.1882331411327,1.87807026376028,0.185478554118853
-3.99621592563488,12.514767661902,-5.68373220270412,-10.8068230690015,1.65581200132561,-0.122924205739506
-3.19833870154194,13.9744827444584,-6.25215532377057,-10.391343932771,1.39898829461904,-0.438447642720469
-2.39384716896845,15.4167540806638,-6.79582352564824,-9.94138742000169,1.10754927055426,-0.75852577507564
-1.58399524971286,16.8351067300541,-7.31250940961515,-9.45654669696455,0.78141950931548,-1.08791079140758
-0.77103263652259,18.2216008033326,-7.80195249211937,-8.93641845096618,0.422330994171286,-1.42156979097203
0.0408185618216494,19.5671275054302,-8.2599962563683,-8.3815821809108,0.0327481919836132,-1.7617857346107
0.845365677301755,20.8611199812691,-8.68738406745685,-7.79311335877169,-0.384376695891886,-2.10838380751049
1.63542586520817,22.0926333306729,-9.07998749988002,-7.17234068209027,-0.824627312158216,-2.46361527997515
2.40380722434661,23.2509366097987,-9.4366254493686,-6.52280169751586,-1.28383451882875,-2.82971150474578
3.14233583441735,24.3261049323119,-9.75613357068501,-5.84853297525691,-1.75661197369519,-3.20399519879882
3.84479179234897,25.3100020788127,-10.0363879376023,-5.15480270023422,-2.23709083906822,-3.58865113684204
4.50398153441021,26.1966758455129,-10.2762607567152,-4.4483539454968,-2.7191662045171,-3.98095196679466
5.11271925754681,26.9832406082009,-10.4765984085707,-3.73740266020496,-3.1962550650393,-4.37570082470112
5.66871670371956,27.6699762693665,-10.6382669513579,-3.03065754863652,-3.6612988722188,-4.77011838691811
6.16774476834365,28.2603274444961,-10.7611748145201,-2.33780517490774,-4.10701070228979,-5.15651484461457
6.60852143869834,28.7609005734392,-10.8501357043697,-1.6687241262153,-4.5263668921487,-5.51985093723164
6.99173541962473,29.1806772816023,-10.9070491369378,-1.03313861870719,-4.91261001897529,-5.85484568242125
7.31613736366439,29.5304411356318,-10.935784959353,-0.44012552767421,-5.26022883301522,-6.14399468717633
7.58538041970171,29.821607221314,-10.9412041290261,0.102451554949392,-5.56422754032595,-6.37223746203876
7.80215561661515,30.0653640301188,-10.9272017095764,0.588214457009695,-5.82208174698262,-6.52941002214078
7.97014463509553,30.2713172927702,-10.8957276997223,1.01251728158159,-6.03178449761349,-6.59315311982143
8.09304092277109,30.4465356240426,-10.8506946138239,1.37239914275314,-6.1938003241957,-6.55579762638936
8.17454807601208,30.5948325592464,-10.7930900762814,1.66616957457691,-6.30862089372604,-6.40482931147665
8.2164243393996,30.7164613595057,-10.7239080299009,1.89304220936642,-6.37896184284199,-6.12778429615785
8.22043701745864,30.808242332768,-10.6402405754376,2.05293916099568,-6.40804991233013,-5.72203053227908
8.19031705172893,30.8642593454388,-10.5421203201093,2.14644184910792,-6.39937545923616,-5.18500152087167
8.12589585371697,30.8758714421463,-10.4247046853037,2.17623173501305,-6.35937607634431,-4.52152920762279
8.02701583108378,30.8369614554811,-10.2929360263966,2.14501246981901,-6.2893705518571,-3.74872936552823
7.89841809932003,30.7429733667579,-10.1478596688655,2.05956338737106,-6.19117563431359,-2.88377988974041
7.74387896172661,30.595361143267,-9.99932513351249,1.92770657844344,-6.06441764534565,-1.94391295077332
7.57304883387316,30.4027840340809,-9.85816234472036,1.75739854734887,-5.90555576111656,-0.961063486858099
7.39460797627007,30.1806135392011,-9.73812730746866,1.55450305304334,-5.71032757676731,0.0474603476470121
7.2182164184189,29.9474714666153,-9.6480747721122,1.32116431168341,-5.4749740732294,1.0569999088896
7.05157786666997,29.7217846312122,-9.593904890237,1.05571246237419,-5.1981971225766,2.0477708756055
6.89652805312619,29.5122034437148,-9.56976435489244,0.757142405303681,-4.88458077297423,3.00975624381392
6.75098990901952,29.3230937282686,-9.56684324714651,0.42392035570085,-4.53750482247346,3.90850987580271
6.6080006156525,29.1501924863228,-9.57728860778067,0.058146714879602,-4.161585696652,4.71937271625227
6.45571951174978,28.9815751936612,-9.590300531095,-0.334346985778904,-3.75949850702513,5.41038686796665
6.28525621131905,28.7980716335111,-9.59995480881557,-0.744243401308481,-3.33222044683878,5.9496421545674
6.0838408008992,28.5739214282978,-9.59641172417207,-1.15959180927762,-2.88000845112765,6.31262348551664
5.84460702021602,28.2784505326739,-9.57276047584286,-1.56704696498266,-2.40191199237743,6.48222555609633
5.56464648319283,27.878728471622,-9.51720552922186,-1.95330953723845,-1.89895087731918,6.45853328495596
5.24599119545857,27.3431067386668,-9.4169813502391,-2.30641508509317,-1.37509325819175,6.24172121293632
4.89756953548749,26.6440725191154,-9.25738277025977,-2.61670453970882,-0.836521593464124,5.84670808843194
4.53129483456328,25.7590478540798,-9.0227511571841,-2.87682820842804,-0.292606769788214,5.29826017855007
4.16596821723178,24.6711856263046,-8.69941572396039,-3.08140623051959,0.246295646375017,4.61387492911166
3.81652052821827,23.3681101398511,-8.27277141315855,-3.22622367798023,0.770561418313909,3.8233105992883
3.50182125605172,21.8409483598759,-7.73412848694488,-3.30757163438628,1.27081478423924,2.94414011634577
3.23587457335118,20.084043528287,-7.0758335341892,-3.3216859558229,1.74062092468393,2.00372488442459
3.03660586853024,18.0943744385068,-6.29909192984622,-3.26487041303965,2.17477958639254,1.01965702318464
2.91705810754247,15.8719510613411,-5.40615133227309,-3.13332709944898,2.57079335015426,0.0095210405908901
2.89124732428554,13.4200138078999,-4.40420966215255,-2.9236224566698,2.92691436882189,-1.0091146942091
2.97220047670826,10.7465995678006,-3.3063887941245,-2.63271382637675,3.2433661879721,-2.02847680162228
3.17194754356503,7.86503066968396,-2.12781904748902,-2.25826931608746,3.52038890571975,-3.03593188386821
3.50346775895802,4.79625746774031,-0.886607943648352,-1.79884108003603,3.75872722266283,-4.02376155527248
3.97774902622264,1.56846050863553,0.39616990760559,-1.25398960308846,3.95962985756341,-4.98183548088961
4.60280205117335,-1.78237477275306,1.69941600269305,-0.62477414814419,4.12436031746339,-5.90494219831937
5.38560692758836,-5.21442882560616,3.00397384485011,0.0861970750688714,4.25590626379628,-6.78301805021079
6.32624307600027,-8.68299962114043,4.28873092172908,0.874302148283638,4.35775661813992,-7.60847855365859
7.41983984453291,-12.1439445567314,5.53649269727881,1.73285695935519,4.43463256908026,-8.37622034124515
8.65559873056473,-15.5566331342446,6.73203730725982,2.65311666741528,4.49248499666562,-9.07629371661683
10.0167961941967,-18.8863106454413,7.86016897791647,3.6245958448924,4.53678123352493,-9.70612037787635
11.4788360062797,-22.1049919079555,8.91256521263076,4.63575594785516,4.57274639429264,-10.2680501000703
13.0151232252024,-25.1915684940991,9.87898631585218,5.67386275651266,4.60438364843738,-10.7620287595104
14.5970766780527,-28.1312272457685,10.7590049010002,6.72740919638298,4.63471678315967,-11.1929243895238
16.1970735002075,-30.9145714775029,11.5512562000883,7.78414025918484,4.66554500532204,-11.5680793275981
17.7855302039749,-33.5360548239143,12.2602764984252,8.83349948500826,4.69866423648131,-11.8973033815513
19.3397095654525,-35.993389982961,12.8945440744587,9.86516584253223,4.73415721844847,-12.1830949333668
20.8359122641317,-38.2854902188902,13.4635404951812,10.8700330184876,4.77308159947683,-12.440179399618
22.2555433997899,-40.4123648914893,13.9787197517051,11.8392337074597,4.81551620721098,-12.6661860017482
23.5809162534859,-42.3735494108755,14.4486139501296,12.7646293850745,4.86178340164548,-12.8709608360334
24.7949638883704,-44.1680019582802,14.8827350041765,13.6390554003304,4.91147279840765,-13.05213293343
25.881439294718,-45.793708343367,15.2876594066146,14.4546114143295,4.9636867900195,-13.2146569945657
26.8244315805884,-47.2468975825908,15.6680006748896,15.2048608470472,5.01655358963008,-13.358596397981
27.6087619707991,-48.524972385279,16.0273834185304,15.8836097993607,5.06820653980353,-13.4815657196713
28.2212594028083,-49.6227955550514,16.3664870743545,16.4846631531369,5.11532075030551,-13.5811751770676
28.6511561229514,-50.5371863170058,16.6869542167858,17.0028023404191,5.15482624574665,-13.6599176457784
28.8917525455612,-51.2678984794326,16.9884587514791,17.4330529071071,5.18464384803227,-13.7129535099619
28.9402235771008,-51.8156658759676,17.2716378673347,17.7706850929313,5.20222192653214,-13.7378847995284
28.7976183906269,-52.1822018557569,17.532229769646,18.0121917167373,5.20673745882008,-13.7323143455538
28.4686628484414,-52.3731298462214,17.7698708899568,18.154555745906,5.19812036463295,-13.6962901538505
27.9609739005167,-52.3960262782386,17.9802802086698,18.1957392836668,5.17778711114904,-13.6249774320226
27.2839796612471,-52.2584626033036,18.1581941330699,18.135416558297,5.14693057565236,-13.5184327966955
26.4488161244361,-51.9699560785435,18.2993251094907,17.9737519943204,5.10774125657439,-13.3791615981253
25.4677349635705,-51.5361031950317,18.4003653935791,17.7126210346094,5.06291789466078,-13.2047881352802
24.353609033647,-50.9673723414836,18.4589900925637,17.3543875236049,5.01493344133291,-13.0002706671716
23.1205129227197,-50.269231485485,18.4709283816226,16.9028795669721,4.96603398365356,-12.7681271594901
21.7829353902149,-49.4484991094335,18.4358297641203,16.3619221211801,4.91921486589976,-12.5108760303018
20.3562622369839,-48.5106078931379,18.3553109899446,15.7363126735523,4.8765092986762,-12.231034292889
18.8564773313951,-47.4601917266646,18.2310015357848,15.0313310389743,4.84020879393109,-11.9335582798507
17.2999612631297,-46.3018690235534,18.0664973722506,14.2520049390812,4.81164069994327,-11.6185119493786
15.7035830859174,-45.0400492372287,17.8644280621921,13.4040860051161,4.79214474546542,-11.2859520595834
14.084205627444,-43.6795213954367,17.6293869734857,12.4940485272725,4.78209537038012,-10.9359280595327
12.4585816918205,-42.2256517184037,17.366951815202,11.528355179008,4.78163452162674,-10.5660393004662
10.8427617881071,-40.6849717815423,17.0807503305756,10.5141886126444,4.79018319693434,-10.1689941398332
9.2522839031924,-39.0647888753556,16.775389792583,9.45944995887758,4.80668620910249,-9.74482854180541
7.70119097820234,-37.374066045526,16.4554775039522,8.37324549161948,4.82961293600884,-9.28625015723389
6.20153774752509,-35.6226399506761,16.1226871357835,7.2641741574933,4.85671406285096,-8.78841434312975
4.76280102335732,-33.8214151342152,15.7786895591912,6.1422795394558,4.8857558246903,-8.24892788074705
3.39422265382355,-31.9818735330323,15.4241753882717,5.01709256395902,4.9137885723438,-7.65808043661032
2.0991403559733,-30.1160720072768,15.0578781746395,3.89811723164964,4.93788139025789,-7.0159506982964
0.879874716502465,-28.2363461956017,14.6795072018138,2.79482779916707,4.95561237544708,-6.31775103880437
-0.261291785819532,-26.3548185686192,14.2858400810763,1.71544457543408,4.96384864342115,-5.56604497941441
-1.3289526842757,-24.4831995247031,13.8746339169491,0.667420383401024,4.96070226644419,-4.75853301030993
-2.3257778608976,-22.6324908006025,13.4456044724554,-0.343049614922051,4.94430982619578,-3.89782604123057
-3.25739457291588,-20.8123959589829,12.9945644047633,-1.31127307570165,4.91356604208896,-2.98900220679451
-4.13042733546798,-19.0300475480548,12.5222202003343,-2.23332766605211,4.86812403462694,-2.03716199592782
-4.95151450155839,-17.2898105791895,12.0253784117247,-3.10718432072923,4.80741796985124,-1.04498364512516
-5.72730225940597,-15.5924037750707,11.5047647108251,-3.93121570919592,4.7318842553626,-0.0249363487589878
-6.46150781778583,-13.9355864811397,10.9572071404285,-4.70490303963726,4.64125084132848,1.02271060705988
-7.15882448564295,-12.314358922025,10.3844322100333,-5.42846753942654,4.53551398373289,2.08790188736143
-7.82198688468567,-10.7219458403057,9.78524738980474,-6.10281917988224,4.41444925910025,3.16301430050667
-8.45274606045792,-9.15146508919127,9.15749639596858,-6.72952955683467,4.2783440851729,4.24285992139143
-9.0518684708935,-7.59613042708019,8.50294642143793,-7.31073122248148,4.12702003486193,5.3222445993689
-9.62011291374282,-6.05062644318287,7.82044778450813,-7.84891909680935,3.96154241133247,6.39352644671198
-10.158230512253,-4.51072346382828,7.11179752059604,-8.34667851410632,3.78299772184554,7.44906150539784
-10.6650107076343,-2.97406393878274,6.37685322733806,-8.80655992535401,3.59224818877801,8.48364946408674
-11.141191150217,-1.43977483175037,5.6174419094146,-9.23068508282384,3.3904192252004,9.49209229729968
-11.5865268151484,0.0911395519630385,4.83442802784773,-9.62084219996342,3.17792113214395,10.4667530249785
-11.9997911051244,1.61638326550006,4.03162168070443,-9.97816622082746,2.95518117867372,11.4024443930879
-12.3807318995133,3.13236920251096,3.21089111253599,-10.303381475151,2.7221543485562,12.2939879711321
-12.7300728203331,4.63461140517577,2.37509316156671,-10.5965561886937,2.47832296579539,13.1362160704646
-13.0456056348646,6.1181180809027,1.52611774453714,-10.8574193541278,2.22294093996971,13.921531306539
-13.3300095925057,7.57749192224635,0.664887225819221,-11.0851649571441,1.95527817953491,14.6521240168178
-13.5830342708001,9.00783196339965,-0.206689335221076,-11.2786963290871,1.67462072336976,15.3204282994006
-13.8083404760021,10.4045799012901,-1.08767087646803,-11.4366265046779,1.38100363888189,15.9262252515125
-14.0056824638982,11.7638156767672,-1.97808415037596,-11.557320376343,1.07398924130299,16.4668720225235
-14.1787260191747,13.0824051320234,-2.87794570452586,-11.638932212363,0.753644043850957,16.9446313865281
-14.3291848724414,14.3579087818621,-3.78726088368856,-11.67951473136,0.420294014146397,17.3642273178786
-14.4597520922291,15.5885634636573,-4.70602280140194,-11.6770399152446,0.0745238970310145,17.7279563185706
-14.5721455068004,16.7731268270156,-5.6322571880402,-11.6294908194563,-0.283800697096128,18.0430140023804
-14.6690620798503,17.9107655459766,-6.56593100564905,-11.5349510479899,-0.654068009601132,18.3166049839036
-14.7532003688532,19.0009003884927,-7.50406607120579,-11.3917553491477,-1.0371193385535,18.558380763216
-14.8253059170861,20.0431089018953,-8.44074018590589,-11.1985419735017,-1.43329463381114,18.775547961627
-14.888080422203,21.0370183743141,-9.37392986437328,-10.9545619255667,-1.84414237292192,18.9801915803454
-14.9442270392022,21.9821891552581,-10.295740207195,-10.6595946570178,-2.27144156681115,19.1770534861059
-14.9954726606778,22.8780763605431,-11.2002262256506,-10.3141200150582,-2.71768908859758,19.3757427036475
-15.0435449845813,23.723845272053,-12.0814422273083,-9.9194165660395,-3.18634209015777,19.5809581893162
-15.0901724492228,24.5185681840825,-12.9305142416643,-9.47756179401531,-3.68108250232379,19.7924857065782
-15.1370840659656,25.2611283838393,-13.7434623753017,-8.99140745117437,-4.2058139957026,20.0100835575425
-15.1860091390009,25.9505152782812,-14.5143637957017,-8.46455449914622,-4.7646585837961,20.2261550165629
-15.2357457388017,26.5863150300492,-15.2441501438792,-7.90144977881143,-5.36048726685255,20.4306393917997
-15.287047729954,27.1695917239938,-15.932789978161,-7.30706693993825,-5.99418419666808,20.6134622231405
-15.3377396932768,27.7030836135053,-16.588081919856,-6.68697792164672,-6.663912138779,20.7596575222636
-15.3856504113483,28.1921798418205,-17.2168549738781,-6.04693556059299,-7.36462406477068,20.8615920924501
-15.4286151257667,28.6437457064547,-17.8278942635381,-5.3926759845606,-8.0883097922767,20.9116431717812
-15.4635006677203,29.0677802769174,-18.4319341387664,-4.72735175811696,-8.82522176498448,20.9095317948342
-15.4891394732301,29.4671516552304,-19.0338333721048,-4.05915279030783,-9.56827738275075,20.8525521985473
-15.5043767803014,29.8511777625775,-19.6394105846036,-3.39104335289866,-10.307200092625,20.7477867807518
-15.5090489208224,30.2246781620546,-20.250554237027,-2.72601379705753,-11.0351202092846,20.6023299494875
-15.5016388691104,30.5906102557887,-20.8691289243766,-2.06666536643095,-11.7465505625631,20.4159546995726
-15.4831859399877,30.9511435590135,-21.4920880631418,-1.41552804975174,-12.4371441325203,20.1982111825295
-15.4536702240518,31.3074642740448,-22.1173377001669,-0.775354004390189,-13.1038171895876,19.9488784371109
-15.4133807893113,31.6607529067998,-22.7398288746354,-0.149410734981767,-13.7442363950018,19.6775056178762
-15.363111190562,32.0126731594671,-23.3515602610918,0.458592607200732,-14.3567938822139,19.383863706387
-15.3045499847922,32.3636130220166,-23.944514082594,1.04352904823027,-14.9406551009361,19.0726014410758
-15.2376416972319,32.7209901799478,-24.5135918627856,1.60264193587658,-15.4938764493962,18.7459138075498
-15.163909127071,33.0856658036556,-25.0497772996772,2.13061121771285,-16.0167754536411,18.4010975820389
-15.0842052345442,33.4629847462321,-25.5479578245091,2.62258481214792,-16.5084598986833,18.040323686554
-14.9988104396388,33.8587653815312,-26.0020414638037,3.07413210113306,-16.9678035129178,17.6559794727745
-14.9075303491743,34.2796853751489,-26.4098449115374,3.4813926992978,-17.3932005757778,17.2477725798768
-14.8096961275306,34.7326892945349,-26.7701621768739,3.84124942522086,-17.7822965173252,16.8056323923514
-14.7036766965976,35.2248840293582,-27.0837406665292,4.15142765518907,-18.131914561782,16.3243731410043
-14.5871733175259,35.763433514027,-27.3532787087547,4.4105698499151,-18.437983073867,15.7963696734505
-14.4565376580791,36.3548665370895,-27.5843985836558,4.61821192843956,-18.6956835165556,15.2140056737527
-14.3067748853584,37.005165974048,-27.7817319946157,4.77488134805148,-18.8996772546376,14.5696794184751
-14.1319387019103,37.7188806225363,-27.9508685237969,4.88175501177067,-19.0443915124968,13.8582523407436
-13.9247456027239,38.4983350270341,-28.0973720811034,4.94080545963281,-19.1244864233712,13.07705329756
-13.6772650954108,39.3429378660707,-28.2248201601255,4.95453145050734,-19.1352488038639,12.2209959874102
-13.3818060566827,40.248198595677,-28.3347985432629,4.92534641132483,-19.072790246235,11.2972395069305
-13.0322916956789,41.2050393415451,-28.4249432536734,4.85606636019129,-18.9342399276284,10.3032004366015
-12.6254381588426,42.1989140809455,-28.4928476332604,4.74873675005736,-18.7177561435252,9.25098259824621
-12.162126701008,43.2102991343417,-28.5292217122418,4.60541420761767,-18.4222588746957,8.14782855162714
-11.6492614636268,44.2146982842947,-28.5237583736154,4.42670124765501,-18.0470155189717,7.00588655753167
-11.1003526880496,45.1837259154284,-28.4651378786488,4.21370196771492,-17.5913488182885,5.84220345317876
-10.5358018809987,46.0864858448149,-28.3390789928075,3.96655786174935,-17.0541008352179,4.6665007531309
-9.98210695812963,46.8908541237322,-28.1293235763776,3.68493865498407,-16.433390794105,3.5007105333047
-9.47096487468684,47.5651535280424,-27.8215539625172,3.36951073050936,-15.726886833089,2.3520920164618
-9.03661127011677,48.0793392931383,-27.4004696919598,3.02071807295725,-14.9307350958183,1.23765443626005
-8.71393930286769,48.4052068573205,-26.8527276112153,2.64000618050068,-14.042349800192,0.164604966068656
-8.53564021934297,48.516403306873,-26.1669497273948,2.22884702177709,-13.0584396972894,-0.862082939853828
-8.53051714413205,48.3881450246711,-25.3317759699096,1.79020676677909,-11.9777009939681,-1.84040467081021
-8.72131218944416,47.9964465648003,-24.3397798566362,1.32805842463597,-10.8015551641822,-2.7766985824395
-9.12380704671262,47.3169592732134,-23.1816113595226,0.847382370500848,-9.53464090800005,-3.68173195723485
-9.74592741857537,46.3250817534181,-21.8538207443706,0.355143260577329,-8.18554839270274,-4.57118045954701
-10.586656446919,44.9954859142599,-20.3500689071244,-0.139467302960666,-6.76779516847948,-5.46463834517736
-11.6360280710451,43.302622460999,-18.6699277676237,-0.624545558509605,-5.3000658827299,-6.38340433210157
-12.8736599928628,41.2221079471852,-16.812044315815,-1.08596958144866,-3.80498272877301,-7.34973159308884
-14.2687586045624,38.732308581297,-14.778053952529,-1.50716236131451,-2.30811730678658,-8.38338984933676
-15.778958001081,35.8169990888778,-12.5735614412776,-1.87129964424082,-0.83700026458329,-9.50042732903432
-17.3510230630687,32.4686061938388,-10.2061887013517,-2.16254125167458,0.581336239200421,-10.7090039334169
-18.9185311608399,28.6906664382064,-7.68850733315914,-2.36897188230479,1.92306017964294,-12.008405314242
-20.4106041506566,24.5015482709562,-5.03803716288575,-2.48358525375482,3.16877362723377,-13.3880631823482
-21.7471604299563,19.936015802204,-2.2752877866332,-2.50502070955293,4.30498803522258,-14.8268268811515
-22.8471692551694,15.0460007389232,0.575270204765764,-2.43634193219437,5.32486276702291,-16.2976163456308
-23.6335847406811,9.90019084860964,3.48619043168143,-2.28430135718164,6.22674080162368,-17.7689037497297
-24.0363240859757,4.58184870067212,6.42608356124085,-2.05811381179737,7.0151237796973,-19.2098621453774
-23.9942653094516,-0.814844941698829,9.36842322237871,-1.76774030861352,7.69822335499046,-20.5918493866526
-23.4640797906507,-6.18972534411583,12.2837380131341,-1.4246144217004,8.28795301384289,-21.8901345493809
-22.4192833237638,-11.4422661493741,15.1474384104826,-1.0394368531801,8.79820786015402,-23.0839115967195
-20.8551394716751,-16.488389273003,17.9378694067857,-0.621680818474938,9.24363197861382,-24.1582643728605
-18.7818247680837,-21.2318613131262,20.6236135534136,-0.184716727198335,9.63936275957293,-25.0985553495795
-16.2341955174073,-25.6083716328278,23.1781593654809,0.263477381061018,9.99882113411991,-25.8994704344018
-13.2639518289932,-29.5692351688848,25.5750255197277,0.714456779268019,10.3334575263568,-26.5594014317364
-9.93706769080732,-33.0852026498896,27.7858168899088,1.16175613430796,10.6520110047004,-27.0816656107296
-6.3315058429382,-36.1460862513275,29.7851223282177,1.59918154620036,10.9602591679141,-27.4735237666821
-2.53209224454347,-38.7588665292072,31.5485718727902,2.02227777169686,11.2617474103956,-27.7449516064103
1.3745152256571,-40.9436998569047,33.0567566564109,2.42588594466854,11.5572985862361,-27.9074096335449
5.30378340562787,-42.7302114839214,34.2991462865143,2.80585437468491,11.8464788192602,-27.971635388922
9.17745346377254,-44.1527775104469,35.2701843491441,3.15659623019826,12.1268658474461,-27.9469023219126
12.9270014630956,-45.2477597124772,35.9731979022713,3.47231242580962,12.3964942206772,-27.840524492303
16.4950398266252,-46.0501548072709,36.4174622222204,3.74723782156013,12.651659076344,-27.656141859396
19.8296761780188,-46.5821373053962,36.6152624107553,3.97417779559472,12.8883851282264,-27.3968939839828
22.9116977864455,-46.8924204283677,36.5965408762993,4.14768717644111,13.1056056363932,-27.0612665474178
25.7149996138199,-47.0031689816474,36.3805422405119,4.26407270096425,13.2993013824125,-26.6477351886739
28.2268147368288,-46.9368565524152,35.9943660220537,4.31944033803143,13.467633721522,-26.1552571473288
30.4430215515907,-46.7157661166733,35.4612257568553,4.3131168850396,13.6094808758065,-25.583762763723
32.3670611805755,-46.36217534971,34.8082528765963,4.2461841808517,13.7251720332656,-24.9344022012003
34.007385317824,-45.8983469791544,34.0606194806085,4.12172214568136,13.8159990295425,-24.2100357262263
35.3763676089612,-45.346226313099,33.2454335013337,3.94505062003646,13.8842158262255,-23.4147458551465
36.489311466819,-44.7277253554196,32.3848850687694,3.72250421991569,13.9330372563078,-22.5545700940667
37.3626756393169,-44.0632482176014,31.5030754066456,3.4616722733585,13.9654157190668,-21.6367668009152
38.0136682849702,-43.3710968638123,30.6162343221606,3.16943968929775,13.9833066058661,-20.6685917682718
38.459451041868,-42.6668781833835,29.7415074603414,2.85271547970866,13.9893771071536,-19.6575405511755
38.7166374924158,-41.9626196270246,28.8881556145076,2.51745160909191,13.9848062432941,-18.6113464806521
38.8011839708582,-41.2669618709239,28.0624383700532,2.16839551000422,13.970505677984,-17.5367572800496
38.7284772425098,-40.5848650131415,27.2676143146987,1.81030919977176,13.9471193786126,-16.4397780875593
38.5134234357576,-39.9181963501858,26.5000348266419,1.44625729824954,13.9157562002102,-15.3261593522683
38.1704403204732,-39.2658313879236,25.7579442792505,1.07956031881934,13.8767679371136,-14.1999308398757
37.7135482248138,-38.6246358735114,25.0356224808683,0.712572354267576,13.8309705037146,-13.0651123679253
37.1562662902151,-37.9892763068196,24.3263230882076,0.347902107457033,13.7784220549547,-11.9249818959927
36.511216335926,-37.3534971463197,23.6232582460542,-0.0125646729019004,13.7193999703035,-10.7818326725754
35.7896299593169,-36.7102257395979,22.9215598602185,-0.366688153635579,13.6531792313404,-9.63892945168026
35.0016385148423,-36.0523613481845,22.2143767141015,-0.712563213570036,13.578277080007,-8.49806718099929
34.1559778036476,-35.3728798562216,21.4977662462976,-1.04827534905154,13.4931867274498,-7.36201601294034
33.2597915744962,-34.6657197217502,20.7658133459462,-1.37287797493456,13.3956454549149,-6.23403434926937
32.318827054197,-33.9258852716029,20.015520966216,-1.68492643844998,13.2833688337961,-5.11713717342742
31.3380223124438,-33.1492558483976,19.2438819449123,-1.983210871585,13.1542964126293,-4.01605137729822
30.3210194019112,-32.3329803617335,18.4488589224219,-2.26748895411776,13.006592954678,-2.93184183394705
29.2709485472288,-31.4753822342281,17.6274323210802,-2.53701965778172,12.8391380252621,-1.8711959473291
28.1902355518148,-30.5749840449981,16.7795113581179,-2.79178435239168,12.6510379905624,-0.838849640556103
27.0808981388231,-29.6311929949954,15.9030493671607,-3.03273038608414,12.4428476949792,0.162901649962539
25.9445493608199,-28.6432270293115,14.9979541148478,-3.26030415621438,12.2146156377082,1.12443121930579
24.7826943098041,-27.6104090358314,14.062180298274,-3.47616004278677,11.9673492468084,2.04588400702319
23.5963428610822,-26.5315817144302,13.0975941228623,-3.68218157194172,11.7030138671486,2.91763280509157
22.3865997470778,-25.4054999908568,12.1031333269048,-3.87999096079243,11.4225769359848,3.73738155834286
21.1546682390481,-24.2308328316442,11.0787171446269,-4.07168019733941,11.1279611527414,4.50039438623501
19.9018536763757,-23.0061653062509,10.0252474685312,-4.25907618413783,10.820821516668,5.20193984109207
18.6303484905465,-21.7304894480937,8.943632349415,-4.44349459593028,10.5018111070548,5.83973545101237
17.3426486176034,-20.4035973288444,7.83380967068952,-4.62549410784728,10.1718017473512,6.40906280119327
16.0427283086802,-19.0262783569412,6.69963403825604,-4.80487543566844,9.83115040320688,6.90765531624732
14.7354550504352,-17.6006137792955,5.54301327111956,-4.97994813797217,9.47847746243879,7.33569922502443
13.4273715902269,-16.1302704626643,4.36781706091695,-5.1477755892443,9.11286604514179,7.69339032320251
12.1261087057633,-14.6204029090429,3.17792199855149,-5.30466515572333,8.73093147950711,7.98093370122954
10.8403832434624,-13.0781406193017,1.98014197823386,-5.44497354421623,8.32975502663322,8.20098643369975
9.57979975351944,-11.5119994249137,0.781294153287863,-5.56277155458688,7.90493207425554,8.35132824847796
8.35396730992613,-9.93217130930444,-0.411803863927092,-5.65106649295348,7.45106420900387,8.43463468430719
7.1724954326832,-8.3504222857955,-1.59038263658963,-5.70253993617686,6.96371777344582,8.45603365723794
6.04362186044137,-6.77950064955478,-2.74470218960514,-5.70979737770626,6.43722939756588,8.41333259102961
4.9744043397193,-5.23296465384481,-3.86796521403416,-5.66583797031425,5.86788646703361,8.30923517552982
3.96934969363297,-3.72469688528095,-4.95241165291104,-5.56445093866525,5.25246535320886,8.144013698416
3.03090087508694,-2.26848668420699,-5.98932234750815,-5.40041627363184,4.58921217007151,7.91795406847922
2.1588504671131,-0.877524525246427,-6.97390883236253,-5.17004697499094,3.87931122352173,7.62891595696249
1.3502443626264,0.436074084908414,-7.90238386671026,-4.87131524750688,3.12493183188695,7.27966564769826
0.600361941497321,1.66172467077317,-8.77196253901491,-4.50422208809596,2.33118289927883,6.87299230132247
-0.09737749674892,2.79079975843295,-9.5818398805708,-4.07092146969912,1.50489011374969,6.40682457339154
-0.750627835437025,3.8170831047612,-10.3312360478631,-3.57594099388,0.65410488782948,5.88889233369533
-1.36732868257992,4.73707600981094,-11.0233040118128,-3.02608358252014,-0.211654608319054,5.32206966588066
-1.95540643226964,5.55018481579114,-11.6592639468324,-2.43037664948441,-1.08311743326007,4.71659076333798
-2.52179156139297,6.25875037766287,-12.2423098270485,-1.79971945391936,-1.94979810205535,4.0802768308088
-3.07143680736391,6.86782568059434,-12.7746753677251,-1.1464902123814,-2.80244384495491,3.4234208345469
-3.6102451163063,7.3848287705878,-13.2605631727694,-0.483978862499983,-3.63108415300813,2.76367050733343
-4.13822638275385,7.81904875657564,-13.7012561302965,0.174180732921454,-4.42723335492806,2.1138073926439
-4.65829150354218,8.18116838012894,-14.1000016901906,0.814639849314165,-5.182672454857,1.49395588411666
-5.16941134816873,8.48268562444095,-14.4590783369889,1.42491979570198,-5.89067351688521,0.924245494462086
-5.66857215273446,8.73536683246036,-14.7797940407385,1.99389609169564,-6.54502472280655,0.422358136413477
-6.15370944172811,8.95065195080356,-15.0634625837215,2.5122671206905,-7.14198639855035,0.0108474428012528
-6.61882477012655,9.1390601553274,-15.3114028821318,2.97287506357847,-7.67833718860516,-0.287759326939872
-7.05887597370575,9.30960699045281,-15.523961291632,3.37065908763971,-8.15283978086261,-0.458302617110184
-7.46782734343306,9.46938250305255,-15.7024658371933,3.70275382470278,-8.5650185133621,-0.478343386988994
-7.84256287028907,9.6233207322708,-15.8443403818566,3.96807358954695,-8.91540227394189,-0.340161780183047
-8.17604976511091,9.77415931906799,-15.9519005203462,4.16692006134954,-9.20625545317307,-0.0287782402216359
-8.4651608536107,9.92266837342235,-16.0225817853141,4.30056489365159,-9.43913244797328,0.458494075100787
-8.70774654296871,10.0680780522525,-16.0567585362358,4.37092971030052,-9.6168297295158,1.12181666906239
-8.90361436233456,10.2086458827186,-16.0538360297886,4.38019274743516,-9.7426503397218,1.95882333596011
-9.05159898287276,10.3423389627624,-16.0142055576365,4.3308842375155,-9.81942398558937,2.95484803608641
-9.15444957470121,10.467592407927,-15.9363136365001,4.22588421409418,-9.85072609454425,4.09758732749086
-9.2149208823519,10.5841522522877,-15.8235032273357,4.0685425520848,-9.83989814120732,5.3600057973868
-9.23381860039411,10.6936728826662,-15.6781495497052,3.863043254311,-9.78980112916192,6.72477641898113
-9.21390877078071,10.8001955492789,-15.5055671341477,3.61357153037452,-9.70330240105441,8.15741746423751
-9.15600948011092,10.9097063857197,-15.3091211730967,3.325532969032,-9.58327406353773,9.63317963581259
-9.05996952271469,11.0289599027564,-15.0931567651134,3.00408514372213,-9.43283578979923,11.1272857376668
-8.92564803957634,11.1634027599841,-14.8610421380963,2.65413521924913,-9.25486474476927,12.6173829739346
-8.75487139697865,11.3153328014924,-14.6122355612873,2.28107074510773,-9.05223856949294,14.0835504655256
-8.55241165936786,11.4829689538459,-14.3442405334111,1.88929189128096,-8.82710139036581,15.503419532379
-8.32793994625954,11.6611361889966,-14.0545624798327,1.48367573797783,-8.58086324995853,16.8546238192868
-8.09211378412016,11.8430178762158,-13.7436424529756,1.06884194806379,-8.31322312911175,18.1123644362337
-7.85754898446671,12.0222609193042,-13.4099721344476,0.649395766563088,-8.02339172825519,19.2445348355045
-7.63490477615995,12.194601560029,-13.0579119387448,0.229682562541928,-7.7096048724259,20.2215077510364
-7.43385565824001,12.3584243706129,-12.6908487954306,-0.186213135317117,-7.37083611385435,21.021035743496
-7.25820166030612,12.5142637938486,-12.3141251159705,-0.593979873186721,-7.00631049537396,21.6184912230985
-7.11368465565808,12.6632193362011,-11.9330809504898,-0.989324493226703,-6.61575101054122,21.9966504156559
-7.00017022201772,12.8051454826621,-11.5530501597596,-1.36626330596815,-6.19986906115416,22.1432597535292
-6.92044366063785,12.9375264305352,-11.1803335258433,-1.71932286106711,-5.75865593067305,22.0559276049492
-6.87434778947315,13.0553101217595,-10.8173086921105,-2.04183225595162,-5.29285038308823,21.7347966788976
-6.86562436453775,13.1515942552941,-10.4682905204641,-2.32812472178083,-4.80296323429515,21.1849864464758
-6.89800464510168,13.2184309908728,-10.1346422299077,-2.57354025451356,-4.29025637485825,20.4190332014001
-6.97520784076211,13.2474761856603,-9.81672796068123,-2.77442767044801,-3.75723286448208,19.4519979486299
-7.1009392511906,13.2305901862993,-9.51293477572815,-2.92912315708999,-3.20739344845168,18.3039015795909
-7.27888807154845,13.159422497124,-9.21967305335122,-3.03672917171981,-2.64596950883016,17.0021574510896
-7.51174779450125,13.0263647135057,-8.93430937148814,-3.09735858250366,-2.07992202484307,15.5693436423518
-7.80121404853985,12.8245261317714,-8.64832802465116,-3.11237829603717,-1.51769503539941,14.0402913711951
-8.14700576815499,12.5478361838772,-8.3541756927923,-3.08416364882504,-0.969456539637549,12.4449679751441
-8.54686454903216,12.1926122278601,-8.04526596628338,-3.01536374515363,-0.44538398260277,10.8206756381073
-8.99460106449184,11.7575626659538,-7.71109787525961,-2.90914387161139,0.0426306395039253,9.19981855846187
-9.48596054022722,11.2447657370135,-7.34410211397207,-2.7701605082857,0.483429568125544,7.61721496768453
-10.0098306673671,10.6600599527588,-6.93769168096123,-2.60235995957519,0.865618013608519,6.10519403371734
-10.5570414167594,10.0125527468255,-6.48431194520155,-2.41068588509889,1.1790359401771,4.69113694721032
-11.1145074016581,9.31490866665036,-5.98326218173948,-2.19912225508629,1.41451938159638,3.39502132475824
-11.6710976825289,8.58226732340382,-5.43092520180872,-1.97142403236021,1.56488268006202,2.23674111287119
-12.2156875693192,7.83106203258669,-4.83054051793571,-1.73062679700796,1.62467832529314,1.22632732828051
-12.7371644854459,7.07842391274096,-4.18340861415024,-1.47855698109412,1.59117724500609,0.37127380245117
-13.2254109331759,6.34051082920344,-3.49475278048476,-1.21632012695236,1.4629048959999,-0.328349260274033
-13.6722868124808,5.63161877775311,-2.76980776536454,-0.944545463534484,1.24110808146918,-0.879891799920334
-14.0726103783744,4.96231762991889,-2.01186285465732,-0.663142339312161,0.928533340018553,-1.28834527316943
-14.4222059833957,4.33973916852862,-1.22616908527634,-0.3717900094944,0.529181785430418,-1.56855050974476
-14.7198594991844,3.76649976196277,-0.416028857873629,-0.0699390887980973,0.0490405754827021,-1.73297271821577
-14.9663405816813,3.24138503343423,0.41329627664437,0.243675321984591,-0.505384990250369,-1.80634800120066
-15.1653777736434,2.7602327043398,1.25654139074075,0.570054349743057,-1.12634091942346,-1.80612440870072
-15.3197463575648,2.31730604141336,2.1094166806175,0.910421796537299,-1.80482727907841,-1.75710593495667
-15.4371276847757,1.90578899750594,2.96567681032736,1.26597757033984,-2.53206708311382,-1.68166505352849
-15.5213092062308,1.51964990771075,3.81809980756638,1.63691827888994,-3.29877629072295,-1.59972789468824
-15.5780434501145,1.15384348745372,4.66142067637294,2.022679838664,-4.09589946636163,-1.53120407944933
-15.6140662874295,0.805195935327863,5.4894010797373,2.42144781106384,-4.91485648853142,-1.49108867454762
-15.631229304041,0.472604628142776,6.2958078892989,2.82966863678142,-5.74632312628075,-1.48945305856791
-15.6362688036397,0.157138512571571,7.07636872634973,3.24253920946909,-6.58243172386466,-1.53388197952681
-15.6300530373584,-0.137765457432511,7.82584070848034,3.65425311446206,-7.41432969194982,-1.62458434922604
-15.6153978987131,-0.406889330388632,8.54094223234908,4.05751484590078,-8.23413544678567,-1.76172247121011
-15.5931565081887,-0.642943191008289,9.2174209669559,4.44378799610285,-9.0341090247605,-1.9380851749482
-15.5641725474067,-0.837545978044776,9.85103083991263,4.80525431227052,-9.80633559919391,-2.14886459172096
-15.5273253502512,-0.981327860754558,10.4385090859694,5.13335264259601,-10.5432885892162,-2.37700452259698
-15.4824616844763,-1.06471742230792,10.9756214686216,5.42073829492904,-11.2376598358802,-2.61519730486331
-15.4294185006508,-1.07833834615672,11.457162467726,5.66104331072446,-11.8823363627704,-2.84390572909387
-15.3641144758043,-1.01389470098507,11.8779334149363,5.84985754737657,-12.470523782393,-3.05580406440343
-15.2873461543927,-0.864469444275368,12.2327437395038,5.98522000599217,-12.9959185866857,-3.23379978447148
-15.1959933640072,-0.625115311479121,12.514458316533,6.06664300085725,-13.4528803710706,-3.3657022455881
-15.0879062916457,-0.292662930314469,12.7169318128593,6.09633387299169,-13.8366038906684,-3.44667460280362
-14.9599524486648,0.133494966062125,12.8350113929533,6.07894936085611,-14.1433396952042,-3.4694670966945
-14.8099725642965,0.65218413303568,12.8616078300458,6.02012706479492,-14.3705410621855,-3.43175085289743
-14.6338504889472,1.26015556410135,12.7916078322793,5.92697052957805,-14.5168809501126,-3.33612032936895
-14.4274698943802,1.9525750110654,12.622854081991,5.80804490235307,-14.5822879681274,-3.18764963865303
-14.1847628607285,2.72341556041282,12.3512611204672,5.67068476603665,-14.5678230257192,-2.99144729978607
-13.9025994077087,3.56565527368423,11.9776577711288,5.52318831092933,-14.4755555245392,-2.75998176150229
-13.5739503060966,4.47186599352584,11.5029016464777,5.3726141258127,-14.3084025386031,-2.50330313232672
-13.1957088110802,5.43431354700888,10.9298334524507,5.22453307954605,-14.0698162888256,-2.23148012362725
-12.7638079327776,6.4454486465795,10.2622991087466,5.08449117382074,-13.7637085106094,-1.95947975456097
-12.2751780260874,7.49771339311313,9.50514862398438,4.95580841740092,-13.3942038311539,-1.69250238890384
-11.7277497938432,8.58393373175892,8.66716578927089,4.84177603706127,-12.9655642875595,-1.4430784474453
-11.1214338552776,9.69722283939894,7.75324773154452,4.74370112031266,-12.4820651802003,-1.21884792862737
-10.4571449921492,10.8308840772661,6.77124363418948,4.66261656598435,-11.9480177377997,-1.02255672385182
-9.73778003071689,11.9782159143248,5.72706698879644,4.59854844940457,-11.3676454332417,-0.859384469714741
-8.96724040889036,13.1330006400515,4.6295801710169,4.55051676751135,-10.7451315586731,-0.732057200113226
-8.14945428286538,14.2888201229898,3.48375247870446,4.51726956361701,-10.0845204558661,-0.643289518228833
-7.29111169395581,15.4395440875136,2.29652311764616,4.49679576698115,-9.38969228969802,-0.593341293940128
-6.39785164055069,16.5789387535886,1.07191541448717,4.48632697164656,-8.66431365727402,-0.587346452164843
-5.47680102276757,17.7011548496799,-0.184075977844467,4.48282816953181,-7.91178847714197,-0.623096723669786
-4.53471592959334,18.8003359538013,-1.46641555992384,4.48348854439626,-7.13520917947639,-0.703257002394631
-3.57866370991717,19.8703245376009,-2.77004831833749,4.48425787385668,-6.33740592496754,-0.830478250789002
-2.61611870427085,20.9050521934179,-4.08892087328181,4.48155920565301,-5.52099609633422,-1.00495268772175
-1.65476462742819,21.898050485808,-5.4169573213957,4.47204699604218,-4.68840958707252,-1.23174101303958
-0.702394529276151,22.8424506999498,-6.74610380067339,4.451387974491,-3.84193871196476,-1.50611193287761
0.232896227187364,23.7313748080959,-8.06632857509158,4.4164624273699,-2.98386154608014,-1.83308560361562
1.14300580996618,24.5577403273968,-9.36757767337942,4.3643891357074,-2.11656531126013,-2.20788721666889
2.0201218794311,25.3145540015615,-10.6378223125006,4.29252720093269,-1.24259642944439,-2.62816189002889
2.85701748300953,25.9953032864029,-11.8630619770003,4.19896625925157,-0.364832606784768,-3.08908901406693
3.64715128934661,26.5938591327319,-13.0312373036269,4.08228340921115,0.513443029476552,-3.58582602286049
4.38506065015354,27.1049649205104,-14.127348174817,3.94203262430183,1.38837040092712,-4.10618143927027
5.06616787982351,27.5242364339952,-15.1373677634826,3.77776792502524,2.25526813053766,-4.64039175438387
5.68707468930298,27.8478683087503,-16.0492249840059,3.58977648317338,3.10900052013959,-5.17868313151636
6.24536752509855,28.0730242447405,-16.8508546505908,3.37810142767978,3.94383198427965,-5.70394778006611
6.73922710276332,28.1972497151053,-17.5331333191782,3.14303051972248,4.75403923941915,-6.20640959873811
7.16781950359584,28.2184709163196,-18.0867556694029,2.88411918073547,5.53318015151333,-6.67141536332684
7.53051444731235,28.1348960377223,-18.5064394608692,2.60141256248326,6.27580589931081,-7.08677081320816
7.82727627159565,27.9446235263704,-18.7880932357504,2.29446899604794,6.9759971303091,-7.44274721762963
8.05807781639066,27.6460324122087,-18.9296965292136,1.96211673136396,7.629808869254,-7.73208631932124
8.22348717472252,27.2372934171312,-18.9312998084616,1.60440973161296,8.23331740039655,-7.95000372733108
8.32398423632596,26.7167599230329,-18.7942418519764,1.22018593451351,8.784087047161,-8.09663341392336
8.36045017504074,26.082870638358,-18.5237864681249,0.809756100824841,9.28092622621304,-8.16969836991734
8.33455933297551,25.3343456869738,-18.1231588104336,0.373683470491444,9.72413132623129,-8.17428194278581
8.2480961436715,24.4703828635643,-17.599015387433,-0.0864825417038805,10.1149969158487,-8.11793817093552
8.10383564885573,23.4908539119624,-16.9599749655605,-0.568450323216085,10.4565467474887,-8.00580062139629
7.90534888331738,22.3957190485625,-16.2127058853763,-1.06845344158117,10.7523095678864,-7.84790661713091
7.65690572122962,21.1861028145588,-15.3677858893694,-1.58271740857453,11.0072931142925,-7.6518622836737
7.36396376464448,19.8634153503851,-14.432857753083,-2.10599520878672,11.2265145326873,-7.42283766069484
7.03258188796876,18.4296463353979,-13.4165351389254,-2.63279078220698,11.4149965192649,-7.17089181977969
6.67020148135503,16.8872680948066,-12.3283998627563,-3.15760560849006,11.5775193210655,-6.89875342107283
6.28515671702055,15.2391387701585,-11.1750905200905,-3.67616231474951,11.7181287506617,-6.61647591561458
5.88657515539809,13.4883079276612,-9.96225597115733,-4.18369619600174,11.8389120488942,-6.3243331135872
5.48515723724526,11.6380178728748,-8.6955327904781,-4.67764385952502,11.9412179300324,-6.02991908080015
5.09219596221711,9.69190067128638,-7.37859178803619,-5.1556892304504,12.0241903443567,-5.73593093149683
4.7203548164474,7.65388219703022,-6.01411739992372,-5.61771761377647,12.0857465942038,-5.44505374598912
4.38288130323216,5.52867262446059,-4.60478803364621,-6.06385992188887,12.1223351216666,-5.16240284338823
4.09389462838485,3.32215903914713,-3.15132546258381,-6.49571218166417,12.1294272659006,-4.89307882322755
3.86798853622224,1.04179755188591,-1.65640821797065,-6.91535560320223,12.1022541077739,-4.63972251349185
3.71973573318921,-1.30299541251465,-0.122721361070934,-7.32486483923329,12.0358108108325,-4.40984216654019
3.66348500140267,-3.70035528695586,1.44410833236999,-7.72581628391782,11.9253498026523,-4.20115315318878
3.71247400938061,-6.13616705960516,3.03746453780644,-8.11992037733784,11.7676067086364,-4.01867915771689
3.87833316401519,-8.59406906068463,4.64974005158126,-8.50711348040766,11.5608040164062,-3.86497866512826
4.17019916198089,-11.0558491380678,6.26940494606818,-8.88633800314819,11.3046538046709,-3.73525840610644
4.59402508150027,-13.5023307035095,7.88491701118876,-9.25534624658665,11.0013365988706,-3.63447589445135
5.15218519506454,-15.9138687114857,9.48081578144938,-9.610700566503,10.6547687138184,-3.5553522648987
5.84259313379181,-18.2717254453063,11.0416360139898,-9.94821413083536,10.2718225677517,-3.49547635938615
6.65889735213542,-20.5586641579788,12.5519130717776,-10.2632212873651,9.86036949608486,-3.44997868675658
7.5903858863302,-22.760128065088,13.9961884701703,-10.5510437433208,9.43025309866517,-3.41886281680793
8.62247986208502,-24.8647336927933,15.3599927233064,-10.8071636945004,8.9915742939988,-3.39479191323071
9.73713150202648,-26.864859900312,16.6298507177773,-11.0275434670163,8.55517459282921,-3.37774968937138
10.9138103483575,-28.7569608847487,17.7952408260399,-11.2087494830742,8.1316532222343,-3.36038418541421
12.1301000003133,-30.5411046521209,18.8456669820908,-11.3480270366889,7.730140110803,-3.34511123186959
13.3629797851084,-32.2210270136581,19.7765247149123,-11.4433746961665,7.35975676557022,-3.32945622239257
14.589422641553,-33.8032452365051,20.5832386199849,-11.4933984590393,7.02716876912138,-3.31338323400845
15.7870905404259,-35.296189496603,21.2661479504241,-11.497507589556,6.73878090783876,-3.29196657572436
16.9359086863094,-36.7091475661301,21.8256185517294,-11.4558901920175,6.49853548570176,-3.26760710033923
18.0174885716788,-38.0510430228899,22.2659488352376,-11.3695616553895,6.30962039798047,-3.24025923869591
19.0166994745929,-39.3292237239595,22.5914569297262,-11.2406324838564,6.17300201488452,-3.20987303988378
19.9208928780769,-40.5483591191666,22.8084306871716,-11.0721846381365,6.08913480119363,-3.17150843066935
20.7210795212979,-41.7095644483666,22.9241455565138,-10.8686113804228,6.05551848357756,-3.1275516518939
21.411247759692,-42.8097622340344,22.9449051373428,-10.6352967267483,6.06914236123841,-3.07794243346514
21.9883641446806,-43.8417896128127,22.877014088824,-10.3785873437874,6.12477718524732,-3.01773098765334
22.4521769169423,-44.7942255325652,22.7297055125441,-10.1052996617438,6.21571103529365,-2.94685199317517
22.8050179873298,-45.653321977129,22.5063418239473,-9.82220221657159,6.33424178277987,-2.860353907349
23.0511150303315,-46.4032761371532,22.2151614338157,-9.53532702637607,6.47217005969284,-2.75817311524144
23.1964889551403,-47.0286831825097,21.8585268383978,-9.24947689166195,6.62080387923049,-2.63292084523558
23.2481666355368,-47.5159142375943,21.444649557024,-8.96788011533908,6.77242905330786,-2.48698733991725
23.2134911042864,-47.8542002043734,20.9758615351752,-8.69187075226641,6.91933612913518,-2.315441907135
23.1001159246422,-48.0367137813481,20.4564322013216,-8.42115641983357,7.05528989494347,-2.11825026896326
22.9146318893745,-48.0609649645457,19.8935447649969,-8.15403836891931,7.17553216820404,-1.89783256861466
22.6631490241716,-47.928705174734,19.2884998214785,-7.8878034778252,7.27605069271168,-1.65906222104641
22.350413725813,-47.6454378116673,18.6474645283526,-7.61928787109966,7.35529015150108,-1.40437778339281
21.9801974095827,-47.2196333189637,17.9726770589155,-7.3450743629986,7.41195317952368,-1.14110996025988
21.5553930495096,-46.6618447553645,17.2683098116478,-7.06183654306877,7.44646522211565,-0.874149197366755
21.0781126181583,-45.984213037319,16.5365606244601,-6.76653614645978,7.46097259926699,-0.608385734164695
20.5505669614917,-45.1987989023877,15.7796077767582,-6.45637587705285,7.45689672669929,-0.351149701603198
19.9745778992569,-44.3173808528228,14.9986338328354,-6.12889856643554,7.43737424688703,-0.104878851295845
19.3523609441634,-43.3504719559126,14.1938272741652,-5.78174409497572,7.40456641685009,0.123111610935366
18.6865262173945,-42.3071194711389,13.3682930483129,-5.41274822327167,7.36063325643914,0.332846612604949
17.9800791840495,-41.194803462252,12.5202362445481,-5.01972377492365,7.30699792368157,0.521919598113172
17.2365189010434,-40.0194344156401,11.6517593707146,-4.6003640371934,7.24483300930983,0.685493407762495
16.4597405723539,-38.7857429339351,10.7630008671811,-4.15234175796784,7.17383721938168,0.826073669517647
15.6542309932522,-37.4972795277549,9.8531144802462,-3.67313958895204,7.09370010160503,0.938850436571146
14.8245796649305,-36.1574900479691,8.92613464088513,-3.16010065714756,7.00312416934158,1.0263571078612
13.9759669180782,-34.7693255775432,7.98120528941691,-2.61052826912251,6.90031337407919,1.08869761104679
13.1136745448432,-33.3360251012155,7.02137643430787,-2.02173699314172,6.78272919888231,1.12354613158194
12.2429871604105,-31.8612139429102,6.04969607434746,-1.39107953484016,6.64782440362266,1.13347678533595
11.3693866384823,-30.3490995203732,5.06823327972862,-0.716242528833926,6.49279976843478,1.11619132747223
10.4992348409529,-28.8041780277277,4.08101025251501,0.00494616616339871,6.31387257181641,1.07673438707437
9.63635196648261,-27.231331607139,3.09204763659681,0.774123737519833,6.10847705849032,1.01039176050977
8.78748787800826,-25.6358273963864,2.10536392231435,1.59133926240334,5.87331160901203,0.922235763578086
7.9564572347068,-24.0228276189034,1.12497484828343,2.45663945902254,5.60531775276913,0.812466473300153
7.14707015148311,-22.3975835387973,0.156846866242827,3.36860078918732,5.30217062099681,0.68129788105321
6.36410855432955,-20.7650429507812,-0.795013248891974,4.32408363240956,4.96179195135306,0.531401603648581
5.61039334193749,-19.1298485405077,-1.72562799507115,5.31896446436284,4.58332866030447,0.363020982947361
4.88678397291773,-17.4962385767736,-2.62905073285087,6.34691433564196,4.16568805153026,0.183742914488923
4.19706454654302,-15.8676545902513,-3.50129929389272,7.40086559534899,3.70973735671308,-0.00860470160804339
3.53914866491938,-14.2471310856877,-4.33840295250979,8.47154772664782,3.21683804307942,-0.206408506756019
2.91387544786841,-12.6369037003114,-5.1344495576311,9.54895575912006,2.68884553072061,-0.406929413691229
2.31914728901545,-11.0387016806578,-5.88745074575068,10.6218649283453,2.12908579335857,-0.604974914018789
1.75481713918805,-9.45296577000599,-6.59445676930614,11.6780789002518,1.54210970395789,-0.792901110379528
1.21682650330604,-7.87963015229688,-7.25351161750297,12.7054114345837,0.932469561748332,-0.965501906495421
0.701116739066075,-6.31763441969522,-7.86267645922996,13.6912024372547,0.305694137877487,-1.11268325840759
0.206563094939657,-4.76502235442561,-8.42393852829385,14.623055737006,-0.332202480327227,-1.22679705245737
-0.270887165665043,-3.21904124858939,-8.93539261343649,15.4895767784109,-0.975700848749577,-1.30264536124827
-0.735281082385583,-1.67643712529494,-9.39905857256971,16.2798884218706,-1.61904584057505,-1.3277125326318
-1.18870349412187,-0.133066328219379,-9.81794847702562,16.9846121818247,-2.25698204458061,-1.29927205637335
-1.63225333584194,1.41483126334823,-10.1921561343138,17.5961158459336,-2.88548877360541,-1.20973207529741
-2.06897488979052,2.97131341767644,-10.523742518268,18.1082715999359,-3.50080430480371,-1.05396861977501
-2.4979941699138,4.53946236930979,-10.8157575516811,18.5176789854745,-4.09991554554784,-0.829329494865139
-2.92136003811197,6.12167559358763,-11.06833013161,18.8221993211403,-4.68153571198479,-0.535636668584437
-3.33720444430876,7.71917535995626,-11.2825769696144,19.022420770675,-5.24463812584954,-0.172744582572511
-3.74658443016031,9.33161675721821,-11.4606026045177,19.1201906415182,-5.78845547590917,0.259458437189195
-4.14859733778968,10.9574784062541,-11.6015905781852,19.1191012884351,-6.31345602350347,0.748835255185782
-4.54233692921916,12.5936722642815,-11.7076674793585,19.0239980869605,-6.82036484021841,1.29543336556576
-4.92982660468928,14.2364539263164,-11.7770631989534,18.8407311402558,-7.30991771579982,1.88461342374027
-5.31015695728994,15.8811510138043,-11.8129070783643,18.5756623563545,-7.78285939925882,2.50904120394696
-5.68535023114685,17.5228398310313,-11.8144334915947,18.2356610243844,-8.23994189969719,3.15647690172122
-6.0564520680767,19.156543284596,-11.7848003559377,17.8276108007303,-8.68192283383384,3.80978111407121
-6.42353224913102,20.7775654641836,-11.7252260150669,17.3588940094764,-9.10858676660924,4.45913758567377
-6.79057146444591,22.3816792952,-11.6388981783606,16.8366544721859,-9.52020996279125,5.08740137145055
-7.15764343918297,23.9652257537057,-11.5319502303207,16.2680377475212,-9.91560511896456,5.68476414446781
-7.52677878683528,25.5250464152244,-11.4056418566405,15.6601872338808,-10.293831189,6.23898771792631
-7.90001096658178,27.0584448095464,-11.2680844267927,15.0192633065272,-10.6532161636027,6.74029535813116
-8.28035335310284,28.5629128166641,-11.1225118813762,14.3511730920277,-10.9923345379487,7.17893362045309
-8.66984437011345,30.0360033711602,-10.9741192701296,13.6608348683925,-11.3092747855009,7.55250496104994
-9.07150152402362,31.4751248574355,-10.8281062639232,12.9524202480738,-11.6023728184309,7.85619666486375
-9.48932050073073,32.8775309316128,-10.6896746284049,12.2293526188712,-11.869479732847,8.0901104054589
-9.92534225930055,34.24027128856,-10.5620714590747,11.4933290415653,-12.1086955616964,8.2519327350091
-10.3864919820516,35.5603476754663,-10.4495190015544,10.7460302808117,-12.3186143771004,8.34670623144492
-10.8757812878703,36.8348405399324,-10.354281223725,9.98765534630384,-12.4966149964546,8.37949701262403
-11.3981690030391,38.0610452962676,-10.2815480440743,9.21789971082872,-12.6405724039979,8.35539050057545
-11.9586037968164,39.2366083334375,-10.2325924472495,8.4357125273255,-12.7486148044867,8.27704498423867
-12.5600665383096,40.3596138050492,-10.2116090220591,7.64027566096894,-12.8181478228576,8.15690312234026
-13.2064991076405,41.4285331969942,-10.2188712577777,6.82978412909165,-12.8475662948445,7.99764208168354
-13.9008468591111,42.4421940356365,-10.2585472630658,6.00266989886059,-12.8350343066598,7.80682821819725
-14.64407851596,43.3995430350024,-10.3289252580613,5.15760418494453,-12.7801967268988,7.59446982496625
-15.4371383322042,44.2995067463877,-10.4312071916054,4.29325531608417,-12.6827143635747,7.36324026641488
-16.2789896417083,45.1406469292281,-10.5636440201817,3.4087794346493,-12.5439746979697,7.12313312377527
-17.1675906352089,45.9209235638598,-10.7225122602422,2.50357810084841,-12.3663588378394,6.87680027598833
-18.0998934089542,46.6373605120755,-10.904068792661,1.57730006234733,-12.1532406554388,6.62687929665109
-19.072820367929,47.2858876656863,-11.1006430850495,0.63008721070657,-11.9094738347769,6.37843562157737
-20.0813090408167,47.8611349990801,-11.3055256207178,-0.337179712648564,-11.6401680695315,6.12918969627085
-21.1202661744673,48.3564620521231,-11.5080848783505,-1.32385714265741,-11.3526405657199,5.88417597464056
-22.1835902686795,48.7640469830973,-11.7006117478193,-2.32782748756772,-11.05348065094,5.63864213253976
-23.2651485637384,49.0752208006628,-11.8705058479142,-3.34769708743017,-10.7509887275726,5.39759510140711
-24.3568225167844,49.2808316110619,-12.0080983693312,-4.38059671369327,-10.4537056652453,5.15870015334627
-25.4504626549721,49.3718145177723,-12.1007940148382,-5.42340270080309,-10.1704074765,4.91961183655213
-26.5388660686096,49.339654130477,-12.1389398973073,-6.47249252515024,-9.91058817065174,4.68041965423829
-27.6108905945136,49.1766123655749,-12.1109448294379,-7.52276781456808,-9.68347624386719,4.44120654307671
-28.6573193551681,48.8758386670357,-12.0091479163451,-8.56765540689499,-9.49753960161083,4.199607328845
-29.6689072182482,48.4311574431134,-11.8259139602621,-9.59959795865588,-9.35950219467749,3.95325433693392
-30.6363812097119,47.8364059325787,-11.5565685828744,-10.6085911415645,-9.27336161031853,3.70222300942375
-31.5523949304587,47.0853392111264,-11.1984233158659,-11.5826768132972,-9.23867557214902,3.44414777834631
-32.4085961660807,46.1719266046308,-10.7556618953482,-12.5089262697742,-9.25129407778042,3.18155295422901
-33.1975804957784,45.0914301481726,-10.2315200716581,-13.3744243498891,-9.30360546436717,2.91940932918237
-33.9089819201682,43.841873468342,-9.63512234863487,-14.167009432609,-9.3857617991248,2.66757406024758
-34.5333822670524,42.4245321029678,-8.97463593514156,-14.875768824354,-9.4871498898041,2.43589881753371
-35.0554725118054,40.8450081629265,-8.25824225315551,-15.4932433081757,-9.59835107142242,2.23666567067429
-35.4638287250718,39.1113711322114,-7.49510883077457,-16.0139654329488,-9.7104128942234,2.08213565703993
-35.7440754905444,37.2336652593251,-6.69245257322186,-16.4347064965159,-9.81509727885591,1.98453970888645
-35.8857306482939,35.2218527711064,-5.85651303836525,-16.7544779776869,-9.90439518824432,1.95606923857848
-35.877322892304,33.0854187442647,-4.99254967944243,-16.9737989136955,-9.97150661346484,1.99909587378429
-35.7112811320886,30.8334654509369,-4.10484005932772,-17.094206855275,-10.0088884620243,2.11838194456803
-35.3790509485864,28.4749052402253,-3.19961013127964,-17.1192340845646,-10.0104555196125,2.32107542736509
-34.8730518319401,26.0196310977703,-2.28014675551463,-17.0536729097315,-9.97036070324542,2.60204670082996
-34.1866803256363,23.4784167111405,-1.35363717177685,-16.9030846784478,-9.88397361994974,2.96343090410607
-33.3152902622176,20.8635978663878,-0.423349802792319,-16.6757512073177,-9.74739278392463,3.39996732265706
-32.2561952797652,18.1885804982924,0.503549086566642,-16.3794949426509,-9.5574460020522,3.90388483374532
-31.0067166245348,15.4680321099372,1.41990632727238,-16.0236292772008,-9.31169043671352,4.46734608679728
-29.5710252981872,12.7172907796958,2.31760757801754,-15.617976802508,-9.00719106930523,5.07512069421391
-27.9542781765435,9.95148067615884,3.18855796559073,-15.1713988172257,-8.64296377269536,5.71680461396619
-26.1626165868851,7.18619109026114,4.02273169143769,-14.6935011035836,-8.21704342094393,6.3746091510602
-24.2090273255957,4.4364941237381,4.81306263762258,-14.1924309842934,-7.72965963895897,7.02581112390579
-22.1048366232101,1.71742827367914,5.54958536569094,-13.67585090913,-7.18152594278578,7.65497715089199
-19.8658619464827,-0.956690565177063,6.22628025657925,-13.1502025231904,-6.57383867734422,8.2393133501229
-17.5081066687923,-3.57207841785553,6.83716836631872,-12.6197273168283,-5.90876445094304,8.75600441604374
-15.0493175648068,-6.11617176658236,7.38022295995509,-12.0879314654475,-5.18895010936044,9.1822251111558
-12.5080012283615,-8.57802237393315,7.85443899818694,-11.5556314093307,-4.41581137428097,9.50247995663512
-9.90371055891544,-10.9489843584152,8.26081039462461,-11.0221767567942,-3.59075393652874,9.69151156090932
-7.25596296463223,-13.2231067921747,8.60037496933447,-10.4847200664537,-2.71502704020193,9.72897133101383
-4.58354970973064,-15.3972315340442,8.87909906623101,-9.93944227921665,-1.78955310867412,9.59943151155723
-1.9021850612358,-17.4698191862325,9.10298818751361,-9.37960338579704,-0.817469268935532,9.28995172230386
0.777158080019039,-19.4384064025043,9.27906018217244,-8.79774775376713,0.194969096803836,8.7925298930073
3.44971332279316,-21.3015588161458,9.41827198447696,-8.18473460272838,1.23782893046084,8.10655052932978
6.11711081433889,-23.0539843243874,9.5306270709795,-7.53096821278262,2.29821288357327,7.24122841131214
8.78443560537047,-24.6875121772139,9.62614605344034,-6.82787288758129,3.36195188878929,6.21560316705044
11.4570877687846,-26.1910978107089,9.71095208741708,-6.06692472012434,4.41603138550589,5.05119945404503
14.1355903184195,-27.5537616281579,9.78824457200666,-5.24332457917201,5.45023493409992,3.7768993311581
16.8115732375456,-28.7636201466752,9.85536693514553,-4.35331773839801,6.45805283878962,2.41182629690319
19.4650344912256,-29.8127807738518,9.90869533111069,-3.39664259922314,7.43665970646272,0.987319613985578
22.0628802423474,-30.6973489064671,9.9368035182622,-2.37555747919414,8.38649836713211,-0.484837810456263
24.5592340842903,-31.4184096454489,9.93024364499169,-1.29508721811126,9.31059506679469,-1.99043813090385
26.898296907022,-31.9820292771761,9.87569281636564,-0.164489406349637,10.2135661557983,-3.52262271499646
29.019071511942,-32.405115788382,9.76085034922934,1.00225930794634,11.1002791645562,-5.07699450966088
30.8616554955282,-32.7036846525685,9.5764033188948,2.18671302019066,11.9739164742918,-6.64917079670817
32.3741207799997,-32.8957815428503,9.31408188662385,3.36596533330485,12.8337227573797,-8.23233570583985
33.5174344273312,-32.9956104951854,8.96862239139818,4.51437129406734,13.6733942327979,-9.80990925010697
34.269394235337,-33.0115736305713,8.53972854203965,5.60771406900405,14.4807497619269,-11.3555518210359
34.6252313638481,-32.9423616525747,8.03305214501728,6.62468373591081,15.2390883366725,-12.8380616421708
34.5955636121319,-32.7867308599985,7.4543303472616,7.54933108929397,15.9295932143578,-14.2262762210672
34.2033620003164,-32.537647592253,6.81427081881633,8.37058648110712,16.5339333088008,-15.4839594165283
33.4800307113049,-32.1891390363505,6.12366304536233,9.08226384439281,17.0362294062621,-16.5847224858726
32.4627528507073,-31.7392352571771,5.39435224761012,9.68208441111985,17.424041804683,-17.5071529564522
31.1909544173022,-31.1860690274681,4.63728169896461,10.1697209462244,17.6884764120579,-18.236779811976
29.705406382022,-30.5308152095799,3.86639830298744,10.5465509399045,17.8240199687039,-18.765835943031
28.0471318698535,-29.773788785704,3.09473963588142,10.8149206042907,17.8280801713212,-19.0920394585346
26.2566075301584,-28.9183603069793,2.33345295628058,10.9771645050539,17.7008661902682,-19.2168834106868
24.3746272841878,-27.9660759336611,1.59960912552017,11.0360914113056,17.4451456035546,-19.1463664410815
22.4415055120679,-26.9176416098623,0.905447920615766,10.9944933449793,17.066122203835,-18.8890342733292
20.4973557337372,-25.7768394729038,0.268144913204954,10.8553880206324,16.5712637756409,-18.4559745191207
18.5817832939657,-24.5446718350324,-0.29898967880034,10.6225059366943,15.9700310922676,-17.8612991678342
16.7322103732636,-23.2281634789511,-0.782607898259765,10.301265963458,15.2731907582686,-17.1201831581104
14.9822999469321,-21.8364580555764,-1.1693296547514,9.897551753227,14.4923718851386,-16.2508112657542
13.3603819872771,-20.3827754817516,-1.45258824984774,9.41990790535938,13.6392562293429,-15.2721710347243
11.8869058962892,-18.881481269056,-1.6267695924178,8.8770934889723,12.7253305514892,-14.2055097171657
10.5740475564731,-17.3519945593428,-1.6911218149034,8.27929968084137,11.7617372208269,-13.0691949759201
9.42571251246823,-15.8138989777209,-1.65170769133737,7.63619118962132,10.7595406463695,-11.8870126686935
8.43891225998012,-14.2840075630425,-1.51553604043096,6.95690243695779,9.73018941292312,-10.6781410656023
7.60602401893311,-12.7812462554794,-1.29544056470037,6.24979009028544,8.68592941843305,-9.46178453061367
6.91734600756095,-11.3178569995979,-1.00323019304975,5.52169782610492,7.64014318016829,-8.25716623836651
6.36326232778339,-9.90819273424783,-0.652611236777743,4.77868794546537,6.60719971382018,-7.08107813744355
5.93591812466922,-8.56090068279915,-0.259177374739128,4.02604087164656,5.60230353683852,-5.95031780429307
5.62991525540279,-7.2857654630145,0.164486718573078,3.26898806077209,4.64104970626769,-4.8792396992226
5.44251651305893,-6.09175748119386,0.605882752004134,2.51246788946812,3.73895382860438,-3.87486528321792
